position,player,salary_note,review_category
QB,Tyler Shough,part_of_50000_total,salary_efficiency_over_ceiling
RB,Kenneth Walker III,part_of_50000_total,stronger_process
RB,Jaylen Warren,part_of_50000_total,stronger_process
WR,Amon-Ra St. Brown,part_of_50000_total,stronger_process
WR,Jalen Coker,part_of_50000_total,late_news_overreaction
WR,Devaughn Vele,part_of_50000_total,salary_value_limited_ceiling
TE,Dalton Schultz,part_of_50000_total,salary_value_limited_ceiling
FLEX,Breece Hall,part_of_50000_total,forced_leverage
DST,Vikings DST,part_of_50000_total,defense
