rank,game,team_a,team_b,game_total,team_a_total,team_b_total,spread_abs,environment_score,environment_note
1,JAX @ CIN,JAX,CIN,51.500000,24.500000,27.000000,2.500000,95.416667,Slate-high total with a small spread; strongest two-sided environment.
2,NE @ BUF,NE,BUF,48.500000,21.000000,27.500000,6.500000,75.000000,High total and elite Buffalo implied total; larger spread adds blowout risk.
3,DAL @ HOU,DAL,HOU,47.500000,22.500000,25.000000,2.500000,70.416667,Strong total with a close spread; useful two-sided passing environment.
3,DEN @ SF,DEN,SF,47.500000,22.500000,25.000000,2.500000,70.416667,Strong total with a close spread; San Francisco carries a 25-point team total.
5,KC @ LV,KC,LV,47.500000,26.000000,21.500000,4.500000,69.583333,Strong total; Kansas City has one of the slate's higher implied totals.
6,ARI @ NYG,ARI,NYG,43.500000,22.500000,21.000000,1.500000,45.833333,Lower total but the closest spread on the slate.
7,LAR @ PHI,LAR,PHI,43.500000,23.250000,20.250000,3.000000,45.208333,Moderate total and close spread.
8,LAC @ SEA,LAC,SEA,43.500000,18.250000,25.250000,7.000000,43.541667,Moderate total; Seattle favored by a touchdown.
9,TEN @ BAL,TEN,BAL,43.500000,16.000000,27.500000,11.500000,41.666667,Baltimore has a slate-high implied total; large spread creates blowout risk.
10,NYJ @ CHI,NYJ,CHI,42.500000,19.500000,23.000000,3.500000,38.750000,Lower total; fairly competitive spread.
11,GB @ TB,GB,TB,39.500000,21.500000,18.000000,3.500000,20.000000,Low game total limits the environment score.
12,MIA @ MIN,MIA,MIN,39.500000,14.500000,25.000000,10.500000,17.083333,Low total and large spread; weakest two-sided environment in this baseline.
