player,position,team,opponent,salary,model_projection,model_floor,model_ceiling,value_per_1000,our_ownership_estimate,team_total,game_total,role_note,correlation_note,leverage_note,decision,reason,status_note,projection_percentile,ceiling_percentile,value_percentile,popularity_score,target_3x,target_4x,prob_3x,prob_4x,tournament_leverage_index,sim_mean,sim_median,sim_p75,sim_p90,sim_p95,sim_p99
Josh Allen,QB,BUF,NE,7700,25.150650,16.830650,33.470650,3.266318,12.981157,27.500000,48.500000,2026 Weeks 1-3 usage shrunk toward position baselines,Stack link in research pool: DJ Moore,,monitor_injury,Initial Wednesday Week 4 model run; not final-lock recommendation,knee_monitor,100.000000,100.000000,85.714286,95.000000,23.100000,30.800000,0.623803,0.192388,1.482054,25.147322,25.116346,29.499435,33.523613,35.902916,40.310674
Brock Purdy,QB,SF,DEN,6700,21.886760,13.566760,30.206760,3.266681,12.304037,25.000000,47.500000,2026 Weeks 1-3 usage shrunk toward position baselines,Stack link in research pool: George Kittle,,research,Initial Wednesday Week 4 model run; not final-lock recommendation,active,85.714286,85.714286,100.000000,90.714286,20.100000,26.800000,0.608298,0.224860,1.827527,21.835549,21.799704,26.241170,30.185991,32.557274,37.183821
Patrick Mahomes,QB,KC,LV,6500,20.981783,12.661783,29.301783,3.227967,9.668334,26.000000,47.500000,2026 Weeks 1-3 usage shrunk toward position baselines,KC-LV game environment; pass catcher expansion still needed,,research,Initial Wednesday Week 4 model run; not final-lock recommendation,active,71.428571,71.428571,71.428571,71.428571,19.500000,26.000000,0.590164,0.220047,2.275959,20.972708,20.954922,25.366412,29.368339,31.775610,36.352064
Trevor Lawrence,QB,JAX,CIN,5900,17.910122,9.590122,26.230122,3.035614,6.411810,24.500000,51.500000,2026 Weeks 1-3 usage shrunk toward position baselines,Top game environment; JAX pass catcher not yet in research pool,,research,Initial Wednesday Week 4 model run; not final-lock recommendation,active,28.571429,28.571429,57.142857,38.571429,17.700000,23.600000,0.512894,0.190687,2.974003,17.960714,17.975098,22.339768,26.254555,28.591148,32.954142
Dak Prescott,QB,DAL,HOU,6400,19.155090,10.835090,27.475090,2.992983,6.764667,22.500000,47.500000,2026 Weeks 1-3 usage shrunk toward position baselines,Stack links: CeeDee Lamb / George Pickens,,research,Initial Wednesday Week 4 model run; not final-lock recommendation,active,42.857143,42.857143,42.857143,42.857143,19.200000,25.600000,0.497244,0.160715,2.375796,19.181814,19.219507,23.539257,27.434491,29.832689,34.311519
Joe Burrow,QB,CIN,JAX,6800,19.806672,11.486672,28.126672,2.912746,7.136943,27.000000,51.500000,2026 Weeks 1-3 usage shrunk toward position baselines,Stack links: Ja'Marr Chase / Tee Higgins,,research,Initial Wednesday Week 4 model run; not final-lock recommendation,active,57.142857,57.142857,28.571429,47.142857,20.400000,27.200000,0.463635,0.127678,1.788976,19.805721,19.760788,24.176516,28.146077,30.505604,34.865296
Drake Maye,QB,NE,BUF,6000,14.887231,6.567231,23.207231,2.481205,4.733052,21.000000,48.500000,2026 Weeks 1-3 usage shrunk toward position baselines,Bring-back side of BUF-NE environment,,research,Initial Wednesday Week 4 model run; not final-lock recommendation,active,14.285714,14.285714,14.285714,14.285714,18.000000,24.000000,0.316009,0.080463,1.700022,14.914872,14.889909,19.257687,23.249188,25.544746,29.895923
Kenneth Walker III,RB,KC,LV,8200,21.659859,12.059859,31.259859,2.641446,26.709049,26.000000,47.500000,2026 Weeks 1-3 usage shrunk toward position baselines,,,research,Initial Wednesday Week 4 model run; not final-lock recommendation,active,100.000000,100.000000,100.000000,100.000000,24.600000,32.800000,0.347522,0.068725,0.257311,21.659472,21.659906,26.730975,31.281468,33.986778,39.219078
Christian McCaffrey,RB,SF,DEN,7700,17.177581,7.577581,26.777581,2.230855,12.356338,25.000000,47.500000,2026 Weeks 1-3 usage shrunk toward position baselines,,,research,Initial Wednesday Week 4 model run; not final-lock recommendation,active,50.000000,50.000000,16.666667,38.333333,23.100000,30.800000,0.214864,0.034660,0.280508,17.133962,17.136585,22.219244,26.698479,29.409263,34.507641
Derrick Henry,RB,BAL,TEN,8400,19.968546,10.368546,29.568546,2.377208,18.743289,27.500000,43.500000,2026 Weeks 1-3 usage shrunk toward position baselines,,,research,Initial Wednesday Week 4 model run; not final-lock recommendation,active,83.333333,83.333333,50.000000,71.666667,25.200000,33.600000,0.242736,0.034568,0.184430,20.010141,19.955855,25.075076,29.614508,32.330282,37.471421
Ashton Jeanty,RB,LV,KC,7100,17.434400,7.834400,27.034400,2.455549,17.607690,21.500000,47.500000,2026 Weeks 1-3 usage shrunk toward position baselines,,,research,Initial Wednesday Week 4 model run; not final-lock recommendation,active,66.666667,66.666667,66.666667,66.666667,21.300000,28.400000,0.303132,0.071860,0.408115,17.465673,17.430445,22.520966,26.976181,29.806538,34.937421
Chase Brown,RB,CIN,JAX,6100,15.376942,5.776942,24.976942,2.520810,14.446022,27.000000,51.500000,2026 Weeks 1-3 usage shrunk toward position baselines,,,research,Initial Wednesday Week 4 model run; not final-lock recommendation,active,33.333333,33.333333,83.333333,50.833333,18.300000,24.400000,0.348364,0.114474,0.792424,15.362851,15.295936,20.377003,24.912250,27.612369,32.666115
Breece Hall,RB,NYJ,CHI,6200,14.709762,5.109762,24.309762,2.372542,10.137612,19.500000,42.500000,2026 Weeks 1-3 usage shrunk toward position baselines,,,hold_injury,Initial Wednesday Week 4 model run; not final-lock recommendation,week_to_week_quad_hold,16.666667,16.666667,33.333333,22.500000,18.600000,24.800000,0.301986,0.089254,0.880421,14.742511,14.688340,19.746107,24.259636,27.014621,32.229398
Jaxon Smith-Njigba,WR,SEA,LAC,9100,22.710843,12.470843,32.950843,2.495697,23.939855,25.250000,43.500000,2026 Weeks 1-3 usage shrunk toward position baselines,,,research,Initial Wednesday Week 4 model run; not final-lock recommendation,active,100.000000,100.000000,100.000000,100.000000,27.300000,36.400000,0.283104,0.043527,0.181819,22.743436,22.759449,28.066482,32.915807,35.925559,41.335831
CeeDee Lamb,WR,DAL,HOU,7800,16.919647,6.679647,27.159647,2.169186,18.905134,22.500000,47.500000,2026 Weeks 1-3 usage shrunk toward position baselines,Direct stack link: Dak Prescott,,research,Initial Wednesday Week 4 model run; not final-lock recommendation,active,88.888889,88.888889,66.666667,81.111111,23.400000,31.200000,0.208957,0.037127,0.196386,17.009545,16.933424,22.399738,27.227930,30.138896,35.480367
Garrett Wilson,WR,NYJ,CHI,6800,15.384188,5.144188,25.624188,2.262381,16.568264,19.500000,42.500000,2026 Weeks 1-3 usage shrunk toward position baselines,,,research,Initial Wednesday Week 4 model run; not final-lock recommendation,active,66.666667,66.666667,77.777778,70.555556,20.400000,27.200000,0.265337,0.069841,0.421535,15.497601,15.405033,20.819588,25.660697,28.511510,34.022463
Ja'Marr Chase,WR,CIN,JAX,8100,15.408596,5.168596,25.648596,1.902296,14.220880,27.000000,51.500000,2026 Weeks 1-3 usage shrunk toward position baselines,Direct stack link: Joe Burrow,,research,Initial Wednesday Week 4 model run; not final-lock recommendation,active,77.777778,77.777778,22.222222,58.333333,24.300000,32.400000,0.133193,0.016838,0.118405,15.438629,15.330482,20.804172,25.651584,28.566623,33.986174
DeVonta Smith,WR,PHI,LAR,7100,14.574540,4.334540,24.814540,2.052752,13.083841,20.250000,43.500000,2026 Weeks 1-3 usage shrunk toward position baselines,,,research,Initial Wednesday Week 4 model run; not final-lock recommendation,active,55.555556,55.555556,44.444444,51.666667,21.300000,28.400000,0.200263,0.041978,0.320837,14.710075,14.582584,20.005174,24.839108,27.690935,33.153005
Tee Higgins,WR,CIN,JAX,6100,14.349047,4.109047,24.589047,2.352303,14.520256,27.000000,51.500000,2026 Weeks 1-3 usage shrunk toward position baselines,Direct stack link: Joe Burrow,,research,Initial Wednesday Week 4 model run; not final-lock recommendation,active,44.444444,44.444444,88.888889,60.000000,18.300000,24.400000,0.310699,0.104491,0.719623,14.517189,14.413703,19.763847,24.664868,27.555208,33.053336
DJ Moore,WR,BUF,NE,5700,12.248938,2.008938,22.488938,2.148937,10.476721,27.500000,48.500000,2026 Weeks 1-3 usage shrunk toward position baselines,Direct stack link: Josh Allen,,research,Initial Wednesday Week 4 model run; not final-lock recommendation,active,22.222222,22.222222,55.555556,33.888889,17.100000,22.800000,0.272130,0.093604,0.893449,12.523499,12.306867,17.705858,22.591647,25.557205,30.759334
George Pickens,WR,DAL,HOU,6300,12.295543,2.055543,22.535543,1.951674,10.404218,22.500000,47.500000,2026 Weeks 1-3 usage shrunk toward position baselines,Direct stack link: Dak Prescott,,research,Initial Wednesday Week 4 model run; not final-lock recommendation,active,33.333333,33.333333,33.333333,33.333333,18.900000,25.200000,0.204528,0.053366,0.512927,12.519097,12.318292,17.639685,22.578996,25.465755,30.900661
Jaylen Waddle,WR,DEN,SF,6200,11.120930,0.880930,21.360930,1.793698,7.880832,22.500000,47.500000,2026 Weeks 1-3 usage shrunk toward position baselines,,,monitor_injury,Initial Wednesday Week 4 model run; not final-lock recommendation,questionable_leg_monitor,11.111111,11.111111,11.111111,11.111111,18.600000,24.800000,0.174924,0.043644,0.553795,11.444167,11.123253,16.548034,21.366018,24.319922,29.723982
Trey McBride,TE,ARI,NYG,6500,15.420564,7.100564,23.740564,2.372394,13.068834,22.500000,43.500000,2026 Weeks 1-3 usage shrunk toward position baselines,,,research,Initial Wednesday Week 4 model run; not final-lock recommendation,active,100.000000,100.000000,80.000000,93.000000,19.500000,26.000000,0.265131,0.051804,0.396396,15.458996,15.428370,19.829757,23.738038,26.116859,30.475245
Dalton Schultz,TE,HOU,DAL,4800,12.407721,4.087721,20.727721,2.584942,10.306042,25.000000,47.500000,2026 Weeks 1-3 usage shrunk toward position baselines,,,research,Initial Wednesday Week 4 model run; not final-lock recommendation,active,60.000000,60.000000,100.000000,74.000000,14.400000,19.200000,0.379610,0.148019,1.436239,12.462194,12.400442,16.766927,20.767194,23.136083,27.560618
George Kittle,TE,SF,DEN,5100,12.028469,3.708469,20.348469,2.358523,7.353896,25.000000,47.500000,2026 Weeks 1-3 usage shrunk toward position baselines,Direct stack link: Brock Purdy,,research,Initial Wednesday Week 4 model run; not final-lock recommendation,active,40.000000,40.000000,60.000000,47.000000,15.300000,20.400000,0.307372,0.098886,1.344669,12.181230,12.113401,16.483673,20.435041,22.722219,27.027026
Mark Andrews,TE,BAL,TEN,4200,9.884955,1.564955,18.204955,2.353561,5.727220,27.500000,43.500000,2026 Weeks 1-3 usage shrunk toward position baselines,,,research,Initial Wednesday Week 4 model run; not final-lock recommendation,active,20.000000,20.000000,40.000000,27.000000,12.600000,16.800000,0.338084,0.143698,2.509029,10.084948,9.887829,14.282853,18.244348,20.613979,24.993280
Brock Bowers,TE,LV,KC,6900,14.268163,5.948163,22.588163,2.067850,8.544009,21.500000,47.500000,2026 Weeks 1-3 usage shrunk toward position baselines,,,research,Initial Wednesday Week 4 model run; not final-lock recommendation,active,80.000000,80.000000,20.000000,59.000000,20.700000,27.600000,0.161206,0.020131,0.235615,14.324531,14.310131,18.707048,22.600668,24.909841,29.419385
