player,position,team,opponent,salary,model_projection,model_floor,model_ceiling,value_per_1000,our_ownership_estimate,team_total,game_total,role_note,correlation_note,leverage_note,decision,reason,status_note
Josh Allen,QB,BUF,NE,7700,25.150650,16.830650,33.470650,3.266318,,27.500000,48.500000,2026 Weeks 1-3 usage shrunk toward position baselines,Stack link in research pool: DJ Moore,,monitor_injury,Initial Wednesday Week 4 model run; not final-lock recommendation,questionable_knee_monitor
Brock Purdy,QB,SF,DEN,6700,21.886760,13.566760,30.206760,3.266681,,25.000000,47.500000,2026 Weeks 1-3 usage shrunk toward position baselines,Stack link in research pool: George Kittle,,research,Initial Wednesday Week 4 model run; not final-lock recommendation,active
Patrick Mahomes,QB,KC,LV,6500,20.981785,12.661785,29.301785,3.227967,,26.000000,47.500000,2026 Weeks 1-3 usage shrunk toward position baselines,KC-LV game environment; pass catcher expansion still needed,,research,Initial Wednesday Week 4 model run; not final-lock recommendation,active
Trevor Lawrence,QB,JAX,CIN,5900,17.910125,9.590125,26.230125,3.035614,,24.500000,51.500000,2026 Weeks 1-3 usage shrunk toward position baselines,Top game environment; JAX pass catcher not yet in research pool,,research,Initial Wednesday Week 4 model run; not final-lock recommendation,active
Dak Prescott,QB,DAL,HOU,6400,19.155091,10.835091,27.475091,2.992983,,22.500000,47.500000,2026 Weeks 1-3 usage shrunk toward position baselines,Stack links: CeeDee Lamb / George Pickens,,research,Initial Wednesday Week 4 model run; not final-lock recommendation,active
Joe Burrow,QB,CIN,JAX,6800,19.806673,11.486673,28.126673,2.912746,,27.000000,51.500000,2026 Weeks 1-3 usage shrunk toward position baselines,Stack links: Ja'Marr Chase / Tee Higgins,,research,Initial Wednesday Week 4 model run; not final-lock recommendation,active
Drake Maye,QB,NE,BUF,6000,14.887228,6.567228,23.207228,2.481205,,21.000000,48.500000,2026 Weeks 1-3 usage shrunk toward position baselines,Bring-back side of BUF-NE environment,,research,Initial Wednesday Week 4 model run; not final-lock recommendation,active
Kenneth Walker III,RB,KC,LV,8200,21.659859,12.059859,31.259859,2.641446,,26.000000,47.500000,2026 Weeks 1-3 usage shrunk toward position baselines,,,research,Initial Wednesday Week 4 model run; not final-lock recommendation,active
Christian McCaffrey,RB,SF,DEN,7700,17.178270,7.578270,26.778270,2.230944,,25.000000,47.500000,2026 Weeks 1-3 usage shrunk toward position baselines,,,research,Initial Wednesday Week 4 model run; not final-lock recommendation,active
Derrick Henry,RB,BAL,TEN,8400,19.968550,10.368550,29.568550,2.377208,,27.500000,43.500000,2026 Weeks 1-3 usage shrunk toward position baselines,,,research,Initial Wednesday Week 4 model run; not final-lock recommendation,active
Ashton Jeanty,RB,LV,KC,7100,17.434396,7.834396,27.034396,2.455549,,21.500000,47.500000,2026 Weeks 1-3 usage shrunk toward position baselines,,,research,Initial Wednesday Week 4 model run; not final-lock recommendation,active
Chase Brown,RB,CIN,JAX,6100,15.376942,5.776942,24.976942,2.520810,,27.000000,51.500000,2026 Weeks 1-3 usage shrunk toward position baselines,,,research,Initial Wednesday Week 4 model run; not final-lock recommendation,active
Breece Hall,RB,NYJ,CHI,6200,14.709759,5.109759,24.309759,2.372542,,19.500000,42.500000,2026 Weeks 1-3 usage shrunk toward position baselines,,,hold_injury,Initial Wednesday Week 4 model run; not final-lock recommendation,week_to_week_quad_hold
Jaxon Smith-Njigba,WR,SEA,LAC,9100,22.710843,12.470843,32.950843,2.495697,,25.250000,43.500000,2026 Weeks 1-3 usage shrunk toward position baselines,,,research,Initial Wednesday Week 4 model run; not final-lock recommendation,active
CeeDee Lamb,WR,DAL,HOU,7800,16.919653,6.679653,27.159653,2.169186,,22.500000,47.500000,2026 Weeks 1-3 usage shrunk toward position baselines,Direct stack link: Dak Prescott,,research,Initial Wednesday Week 4 model run; not final-lock recommendation,active
Garrett Wilson,WR,NYJ,CHI,6800,15.384191,5.144191,25.624191,2.262381,,19.500000,42.500000,2026 Weeks 1-3 usage shrunk toward position baselines,,,research,Initial Wednesday Week 4 model run; not final-lock recommendation,active
Ja'Marr Chase,WR,CIN,JAX,8100,15.408599,5.168599,25.648599,1.902296,,27.000000,51.500000,2026 Weeks 1-3 usage shrunk toward position baselines,Direct stack link: Joe Burrow,,research,Initial Wednesday Week 4 model run; not final-lock recommendation,active
DeVonta Smith,WR,PHI,LAR,7100,14.574539,4.334539,24.814539,2.052752,,20.250000,43.500000,2026 Weeks 1-3 usage shrunk toward position baselines,,,research,Initial Wednesday Week 4 model run; not final-lock recommendation,active
Tee Higgins,WR,CIN,JAX,6100,14.349051,4.109051,24.589051,2.352303,,27.000000,51.500000,2026 Weeks 1-3 usage shrunk toward position baselines,Direct stack link: Joe Burrow,,research,Initial Wednesday Week 4 model run; not final-lock recommendation,active
DJ Moore,WR,BUF,NE,5700,12.248943,2.008943,22.488943,2.148937,,27.500000,48.500000,2026 Weeks 1-3 usage shrunk toward position baselines,Direct stack link: Josh Allen,,research,Initial Wednesday Week 4 model run; not final-lock recommendation,active
George Pickens,WR,DAL,HOU,6300,12.295545,2.055545,22.535545,1.951674,,22.500000,47.500000,2026 Weeks 1-3 usage shrunk toward position baselines,Direct stack link: Dak Prescott,,research,Initial Wednesday Week 4 model run; not final-lock recommendation,active
Jaylen Waddle,WR,DEN,SF,6200,11.120927,0.880927,21.360927,1.793698,,22.500000,47.500000,2026 Weeks 1-3 usage shrunk toward position baselines,,,monitor_injury,Initial Wednesday Week 4 model run; not final-lock recommendation,questionable_leg_monitor
Trey McBride,TE,ARI,NYG,6500,15.420559,7.100559,23.740559,2.372394,,22.500000,43.500000,2026 Weeks 1-3 usage shrunk toward position baselines,,,research,Initial Wednesday Week 4 model run; not final-lock recommendation,active
Dalton Schultz,TE,HOU,DAL,4800,12.407723,4.087723,20.727723,2.584942,,25.000000,47.500000,2026 Weeks 1-3 usage shrunk toward position baselines,,,research,Initial Wednesday Week 4 model run; not final-lock recommendation,active
George Kittle,TE,SF,DEN,5100,12.028466,3.708466,20.348466,2.358523,,25.000000,47.500000,2026 Weeks 1-3 usage shrunk toward position baselines,Direct stack link: Brock Purdy,,research,Initial Wednesday Week 4 model run; not final-lock recommendation,active
Mark Andrews,TE,BAL,TEN,4200,9.884956,1.564956,18.204956,2.353561,,27.500000,43.500000,2026 Weeks 1-3 usage shrunk toward position baselines,,,research,Initial Wednesday Week 4 model run; not final-lock recommendation,active
Brock Bowers,TE,LV,KC,6900,14.268165,5.948165,22.588165,2.067850,,21.500000,47.500000,2026 Weeks 1-3 usage shrunk toward position baselines,,,research,Initial Wednesday Week 4 model run; not final-lock recommendation,active
