player,position,input,base_value,low_value,high_value,base_projection,low_projection,high_projection,downside_change,upside_change,sensitivity_range
Chase Brown,RB,rush_attempts,15.400000,13.860000,16.940000,15.376942,14.741995,16.011889,-0.634947,0.634947,1.269894
Chase Brown,RB,yards_per_carry,4.123032,3.710729,4.535335,15.376942,14.741995,16.011889,-0.634947,0.634947,1.269894
Chase Brown,RB,targets,4.200000,3.780000,4.620000,15.376942,14.869223,15.884660,-0.507719,0.507719,1.015437
Chase Brown,RB,catch_rate,0.758242,0.682418,0.834066,15.376942,14.869223,15.884660,-0.507719,0.507719,1.015437
Chase Brown,RB,rush_td,0.501818,0.451636,0.552000,15.376942,15.075851,15.678033,-0.301091,0.301091,0.602182
Chase Brown,RB,yards_per_reception,5.942857,5.348571,6.537143,15.376942,15.187685,15.566199,-0.189257,0.189257,0.378514
Chase Brown,RB,rec_td,0.087273,0.078545,0.096000,15.376942,15.324578,15.429305,-0.052364,0.052364,0.104727
Dak Prescott,QB,pass_attempts,33.800000,30.420000,37.180000,19.155090,18.172505,20.137674,-0.982585,0.982585,1.965169
Dak Prescott,QB,completion_rate,0.669388,0.602449,0.736327,19.155090,18.172505,20.137674,-0.982585,0.982585,1.965169
Dak Prescott,QB,yards_per_completion,10.857143,9.771429,11.942857,19.155090,18.172505,20.137674,-0.982585,0.982585,1.965169
Dak Prescott,QB,pass_td,1.727273,1.554545,1.900000,19.155090,18.464180,19.845999,-0.690909,0.690909,1.381818
Dak Prescott,QB,rush_attempts,3.600000,3.240000,3.960000,19.155090,18.971490,19.338690,-0.183600,0.183600,0.367200
Dak Prescott,QB,yards_per_carry,5.100000,4.590000,5.610000,19.155090,18.971490,19.338690,-0.183600,0.183600,0.367200
Dak Prescott,QB,rush_td,0.109091,0.098182,0.120000,19.155090,19.089635,19.220544,-0.065455,0.065455,0.130909
Dak Prescott,QB,interceptions,0.544444,0.490000,0.598889,19.155090,19.209534,19.100645,0.054444,-0.054444,-0.108889
Dalton Schultz,TE,targets,7.200000,6.480000,7.920000,12.407721,11.328278,13.487164,-1.079443,1.079443,2.158886
Dalton Schultz,TE,catch_rate,0.737143,0.663429,0.810857,12.407721,11.328278,13.487164,-1.079443,1.079443,2.158886
Dalton Schultz,TE,yards_per_reception,10.338346,9.304511,11.372180,12.407721,11.859021,12.956421,-0.548700,0.548700,1.097401
Dalton Schultz,TE,rec_td,0.242424,0.218182,0.266667,12.407721,12.262266,12.553176,-0.145455,0.145455,0.290909
Jaxon Smith-Njigba,WR,targets,10.000000,9.000000,11.000000,22.710843,21.097476,24.324210,-1.613367,1.613367,3.226735
Jaxon Smith-Njigba,WR,catch_rate,0.692857,0.623571,0.762143,22.710843,21.097476,24.324210,-1.613367,1.613367,3.226735
Jaxon Smith-Njigba,WR,yards_per_reception,13.285714,11.957143,14.614286,22.710843,21.790333,23.631353,-0.920510,0.920510,1.841020
Jaxon Smith-Njigba,WR,rec_td,0.897778,0.808000,0.987556,22.710843,22.172176,23.249510,-0.538667,0.538667,1.077333
Josh Allen,QB,yards_per_completion,12.586735,11.328061,13.845408,25.150650,24.168132,26.133168,-0.982518,0.982518,1.965036
Josh Allen,QB,pass_attempts,30.000000,27.000000,33.000000,25.150650,24.168132,26.133168,-0.982518,0.982518,1.965036
Josh Allen,QB,completion_rate,0.650498,0.585449,0.715548,25.150650,24.168132,26.133168,-0.982518,0.982518,1.965036
Josh Allen,QB,pass_td,1.888889,1.700000,2.077778,25.150650,24.395094,25.906205,-0.755556,0.755556,1.511111
Josh Allen,QB,rush_td,0.800000,0.720000,0.880000,25.150650,24.670650,25.630650,-0.480000,0.480000,0.960000
Josh Allen,QB,rush_attempts,7.200000,6.480000,7.920000,25.150650,24.839874,25.461425,-0.310776,0.310776,0.621551
Josh Allen,QB,yards_per_carry,4.316327,3.884694,4.747959,25.150650,24.839874,25.461425,-0.310776,0.310776,0.621551
Josh Allen,QB,interceptions,0.655556,0.590000,0.721111,25.150650,25.216205,25.085094,0.065556,-0.065556,-0.131111
Kenneth Walker III,RB,rush_attempts,18.600000,16.740000,20.460000,21.659859,20.771965,22.547754,-0.887895,0.887895,1.775789
Kenneth Walker III,RB,yards_per_carry,4.773626,4.296264,5.250989,21.659859,20.771965,22.547754,-0.887895,0.887895,1.775789
Kenneth Walker III,RB,targets,5.200000,4.680000,5.720000,21.659859,21.021967,22.297752,-0.637892,0.637892,1.275785
Kenneth Walker III,RB,catch_rate,0.690476,0.621429,0.759524,21.659859,21.021967,22.297752,-0.637892,0.637892,1.275785
Kenneth Walker III,RB,rush_td,0.588283,0.529455,0.647111,21.659859,21.306890,22.012829,-0.352970,0.352970,0.705939
Kenneth Walker III,RB,yards_per_reception,7.766234,6.989610,8.542857,21.659859,21.381015,21.938704,-0.278845,0.278845,0.557690
Kenneth Walker III,RB,rec_td,0.294141,0.264727,0.323556,21.659859,21.483374,21.836344,-0.176485,0.176485,0.352970
Mark Andrews,TE,targets,5.800000,5.220000,6.380000,9.884955,9.059678,10.710231,-0.825277,0.825277,1.650553
Mark Andrews,TE,catch_rate,0.720952,0.648857,0.793048,9.884955,9.059678,10.710231,-0.825277,0.825277,1.650553
Mark Andrews,TE,yards_per_reception,9.736264,8.762637,10.709890,9.884955,9.477831,10.292079,-0.407124,0.407124,0.814248
Mark Andrews,TE,rec_td,0.266667,0.240000,0.293333,9.884955,9.724955,10.044955,-0.160000,0.160000,0.320000
Patrick Mahomes,QB,yards_per_completion,11.765458,10.588913,12.942004,20.981783,19.968656,21.994911,-1.013127,1.013127,2.026255
Patrick Mahomes,QB,pass_attempts,32.400000,29.160000,35.640000,20.981783,19.968656,21.994911,-1.013127,1.013127,2.026255
Patrick Mahomes,QB,completion_rate,0.664431,0.597988,0.730875,20.981783,19.968656,21.994911,-1.013127,1.013127,2.026255
Patrick Mahomes,QB,pass_td,1.995960,1.796364,2.195556,20.981783,20.183399,21.780167,-0.798384,0.798384,1.596768
Patrick Mahomes,QB,rush_attempts,3.600000,3.240000,3.960000,20.981783,20.825955,21.137612,-0.155829,0.155829,0.311657
Patrick Mahomes,QB,yards_per_carry,4.328571,3.895714,4.761429,20.981783,20.825955,21.137612,-0.155829,0.155829,0.311657
Patrick Mahomes,QB,rush_td,0.231111,0.208000,0.254222,20.981783,20.843116,21.120450,-0.138667,0.138667,0.277333
Patrick Mahomes,QB,interceptions,0.655556,0.590000,0.721111,20.981783,21.047339,20.916228,0.065556,-0.065556,-0.131111
Tee Higgins,WR,targets,7.400000,6.660000,8.140000,14.349047,13.210807,15.487286,-1.138240,1.138240,2.276480
Tee Higgins,WR,catch_rate,0.632298,0.569068,0.695528,14.349047,13.210807,15.487286,-1.138240,1.138240,2.276480
Tee Higgins,WR,yards_per_reception,14.326531,12.893878,15.759184,14.349047,13.678707,15.019386,-0.670339,0.670339,1.340679
Tee Higgins,WR,rec_td,0.414545,0.373091,0.456000,14.349047,14.100319,14.597774,-0.248727,0.248727,0.497455
Trevor Lawrence,QB,pass_attempts,29.000000,26.100000,31.900000,17.910122,17.036518,18.783726,-0.873604,0.873604,1.747207
Trevor Lawrence,QB,completion_rate,0.657143,0.591429,0.722857,17.910122,17.036518,18.783726,-0.873604,0.873604,1.747207
Trevor Lawrence,QB,yards_per_completion,11.460317,10.314286,12.606349,17.910122,17.036518,18.783726,-0.873604,0.873604,1.747207
Trevor Lawrence,QB,pass_td,1.880808,1.692727,2.068889,17.910122,17.157799,18.662445,-0.752323,0.752323,1.504646
Trevor Lawrence,QB,rush_attempts,3.200000,2.880000,3.520000,17.910122,17.769551,18.050693,-0.140571,0.140571,0.281143
Trevor Lawrence,QB,yards_per_carry,4.392857,3.953571,4.832143,17.910122,17.769551,18.050693,-0.140571,0.140571,0.281143
Trevor Lawrence,QB,rush_td,0.118788,0.106909,0.130667,17.910122,17.838849,17.981395,-0.071273,0.071273,0.142545
Trevor Lawrence,QB,interceptions,0.655556,0.590000,0.721111,17.910122,17.975678,17.844566,0.065556,-0.065556,-0.131111
