candidate_id,quarterback,objective,bring_back_required,salary,base_projection,worst_tested_scenario,joint_downside,objective_value,gibbs_volume_down,dowdle_returns,cin_receivers_return,bagent_volume_down,wilson_committee,diggs_limited,players
jacoby_brissett_mean_optional,Jacoby Brissett,mean,False,50000,137.0833,132.3416,127.1445,137.0833,137.0833,132.3416,135.5694,137.0833,133.4001,137.0833,Jacoby Brissett | Chase Brown | Jaylen Warren | Amon-Ra St. Brown | Michael Wilson | Rome Odunze | Dalton Schultz | Emanuel Wilson | Browns DST
jacoby_brissett_mean_bringback,Jacoby Brissett,mean,True,50000,137.0833,132.3416,127.1445,137.0833,137.0833,132.3416,135.5694,137.0833,133.4001,137.0833,Jacoby Brissett | Chase Brown | Jaylen Warren | Amon-Ra St. Brown | Michael Wilson | Rome Odunze | Dalton Schultz | Emanuel Wilson | Browns DST
jacoby_brissett_stress_optional,Jacoby Brissett,stress,False,50000,137.0833,132.3416,127.1445,132.3417,137.0833,132.3416,135.5694,137.0833,133.4001,137.0833,Jacoby Brissett | Chase Brown | Jaylen Warren | Amon-Ra St. Brown | Michael Wilson | Rome Odunze | Dalton Schultz | Emanuel Wilson | Browns DST
jacoby_brissett_stress_bringback,Jacoby Brissett,stress,True,50000,137.0833,132.3416,127.1445,132.3417,137.0833,132.3416,135.5694,137.0833,133.4001,137.0833,Jacoby Brissett | Chase Brown | Jaylen Warren | Amon-Ra St. Brown | Michael Wilson | Rome Odunze | Dalton Schultz | Emanuel Wilson | Browns DST
jayden_daniels_mean_optional,Jayden Daniels,mean,False,49800,136.4781,131.7364,122.5343,136.4781,136.4781,131.7364,134.9642,136.4781,132.7948,132.4731,Jayden Daniels | Chase Brown | Jaylen Warren | Amon-Ra St. Brown | Rome Odunze | Stefon Diggs | Dalton Schultz | Emanuel Wilson | Browns DST
jayden_daniels_stress_optional,Jayden Daniels,stress,False,49800,136.4781,131.7364,122.5343,131.7365,136.4781,131.7364,134.9642,136.4781,132.7948,132.4731,Jayden Daniels | Chase Brown | Jaylen Warren | Amon-Ra St. Brown | Rome Odunze | Stefon Diggs | Dalton Schultz | Emanuel Wilson | Browns DST
jared_goff_stress_optional,Jared Goff,stress,False,49900,132.2813,130.7674,130.7674,130.7674,132.2813,132.2813,130.7674,132.2813,132.2813,132.2813,Jared Goff | Chase Brown | Quinshon Judkins | Amon-Ra St. Brown | Malik Washington | Rome Odunze | Dalton Schultz | Trey McBride | Browns DST
jared_goff_stress_bringback,Jared Goff,stress,True,49900,132.2813,130.7674,130.7674,130.7674,132.2813,132.2813,130.7674,132.2813,132.2813,132.2813,Jared Goff | Chase Brown | Quinshon Judkins | Amon-Ra St. Brown | Malik Washington | Rome Odunze | Dalton Schultz | Trey McBride | Browns DST
drake_maye_stress_optional,Drake Maye,stress,False,49800,132.2644,130.7505,130.7505,130.7505,132.2644,132.2644,130.7505,132.2644,132.2644,132.2644,Drake Maye | Chase Brown | Jonathan Taylor | Amon-Ra St. Brown | Michael Wilson | Rome Odunze | Dalton Schultz | Hunter Henry | Chargers DST
drake_maye_mean_optional,Drake Maye,mean,False,50000,135.4430,130.7013,125.5042,135.4430,135.4430,130.7013,133.9291,135.4430,131.7597,135.4430,Drake Maye | Chase Brown | Jaylen Warren | Amon-Ra St. Brown | Michael Wilson | Rome Odunze | Hunter Henry | Emanuel Wilson | Chargers DST
tyson_bagent_mean_optional,Tyson Bagent,mean,False,49800,135.4289,130.6873,122.2179,135.4289,135.4289,130.6873,133.9150,132.1567,131.7457,135.4289,Tyson Bagent | Chase Brown | Jaylen Warren | Amon-Ra St. Brown | Michael Wilson | Rome Odunze | Dalton Schultz | Emanuel Wilson | Texans DST
tyson_bagent_stress_optional,Tyson Bagent,stress,False,49800,135.4289,130.6873,122.2179,130.6873,135.4289,130.6873,133.9150,132.1567,131.7457,135.4289,Tyson Bagent | Chase Brown | Jaylen Warren | Amon-Ra St. Brown | Michael Wilson | Rome Odunze | Dalton Schultz | Emanuel Wilson | Texans DST
tyson_bagent_mean_bringback,Tyson Bagent,mean,True,50000,135.2619,130.5203,122.0509,135.2619,135.2619,130.5203,133.7480,131.9897,131.5787,135.2619,Tyson Bagent | Chase Brown | Jaylen Warren | Amon-Ra St. Brown | Christian Watson | Rome Odunze | Dalton Schultz | Emanuel Wilson | Texans DST
tyson_bagent_stress_bringback,Tyson Bagent,stress,True,50000,135.2619,130.5203,122.0509,130.5203,135.2619,130.5203,133.7480,131.9897,131.5787,135.2619,Tyson Bagent | Chase Brown | Jaylen Warren | Amon-Ra St. Brown | Christian Watson | Rome Odunze | Dalton Schultz | Emanuel Wilson | Texans DST
jared_goff_mean_optional,Jared Goff,mean,False,49700,135.1164,130.3747,122.0096,135.1164,135.1164,130.3747,130.4345,135.1164,131.4331,135.1164,Jared Goff | Chase Brown | Jaylen Warren | Amon-Ra St. Brown | Michael Wilson | Mitch Tinsley | Dalton Schultz | Emanuel Wilson | Browns DST
jared_goff_mean_bringback,Jared Goff,mean,True,49700,135.1164,130.3747,122.0096,135.1164,135.1164,130.3747,130.4345,135.1164,131.4331,135.1164,Jared Goff | Chase Brown | Jaylen Warren | Amon-Ra St. Brown | Michael Wilson | Mitch Tinsley | Dalton Schultz | Emanuel Wilson | Browns DST
joe_burrow_mean_optional,Joe Burrow,mean,False,50000,133.0412,128.2995,119.9344,133.0412,133.0412,128.2995,128.3593,133.0412,129.3579,133.0412,Joe Burrow | Chase Brown | Jaylen Warren | Amon-Ra St. Brown | Michael Wilson | Mitch Tinsley | Dalton Schultz | Emanuel Wilson | Browns DST
joe_burrow_stress_optional,Joe Burrow,stress,False,50000,133.0412,128.2995,119.9344,128.2995,133.0412,128.2995,128.3593,133.0412,129.3579,133.0412,Joe Burrow | Chase Brown | Jaylen Warren | Amon-Ra St. Brown | Michael Wilson | Mitch Tinsley | Dalton Schultz | Emanuel Wilson | Browns DST
jayden_daniels_mean_bringback,Jayden Daniels,mean,True,49700,131.4411,126.6995,117.4973,131.4411,131.4411,126.6995,129.9272,131.4411,127.7579,127.4361,Jayden Daniels | Chase Brown | Jaylen Warren | Malik Nabers | Michael Wilson | Stefon Diggs | Dalton Schultz | Emanuel Wilson | Browns DST
jayden_daniels_stress_bringback,Jayden Daniels,stress,True,49700,131.4411,126.6995,117.4973,126.6995,131.4411,126.6995,129.9272,131.4411,127.7579,127.4361,Jayden Daniels | Chase Brown | Jaylen Warren | Malik Nabers | Michael Wilson | Stefon Diggs | Dalton Schultz | Emanuel Wilson | Browns DST
drake_maye_stress_bringback,Drake Maye,stress,True,50000,130.1344,126.4511,124.9372,126.4511,130.1344,130.1344,128.6205,130.1344,126.4511,130.1344,Drake Maye | Chase Brown | Emanuel Wilson | Amon-Ra St. Brown | DK Metcalf | Rome Odunze | Brock Bowers | Hunter Henry | Browns DST
joe_burrow_mean_bringback,Joe Burrow,mean,True,50000,131.1907,126.4490,118.0839,131.1907,131.1907,126.4490,126.5088,131.1907,127.5074,131.1907,Joe Burrow | Chase Brown | Jaylen Warren | Malik Washington | Michael Wilson | Mitch Tinsley | Trey McBride | Emanuel Wilson | Texans DST
joe_burrow_stress_bringback,Joe Burrow,stress,True,50000,131.1907,126.4490,118.0839,126.4490,131.1907,126.4490,126.5088,131.1907,127.5074,131.1907,Joe Burrow | Chase Brown | Jaylen Warren | Malik Washington | Michael Wilson | Mitch Tinsley | Trey McBride | Emanuel Wilson | Texans DST
drake_maye_mean_bringback,Drake Maye,mean,True,49900,130.3415,125.5998,117.9116,130.3415,130.3415,125.5998,130.3415,130.3415,126.6582,126.3365,Drake Maye | Emanuel Wilson | Jaylen Warren | Amon-Ra St. Brown | Rome Odunze | Stefon Diggs | Brock Bowers | Hunter Henry | Browns DST
