slot,player,position,team,opponent,salary,kickoff_utc,model_projection,gibbs_volume_down,dowdle_returns,cin_receivers_return,bagent_volume_down,wilson_committee,diggs_limited,joint_downside,condition
QB,Jacoby Brissett,QB,ARI,DET,5500,2026-10-11T20:25:00Z,18.3352,18.3352,18.3352,18.3352,18.3352,18.3352,18.3352,18.3352,Confirm active at lock
RB,Chase Brown,RB,CIN,MIA,6900,2026-10-11T17:00:00Z,18.9295,18.9295,18.9295,17.4156,18.9295,18.9295,18.9295,17.4156,Receiving workload sensitive to Chase and Higgins availability
RB,Jaylen Warren,RB,PIT,IND,6700,2026-10-11T17:00:00Z,18.9266,18.9266,14.1850,18.9266,18.9266,18.9266,18.9266,14.1850,Workload depends on Rico Dowdle; limited Thursday
WR,Michael Wilson,WR,ARI,DET,6200,2026-10-11T20:25:00Z,15.6520,15.6520,15.6520,15.6520,15.6520,15.6520,15.6520,15.6520,Confirm active at lock
WR,Mitch Tinsley,WR,CIN,MIA,3300,2026-10-11T17:00:00Z,7.8800,7.8800,7.8800,4.7120,7.8800,7.8800,7.8800,4.7120,Speculative until starter absences and routes confirmed
WR,Rome Odunze,WR,CHI,GB,4700,2026-10-11T17:00:00Z,12.0610,12.0610,12.0610,12.0610,12.0610,12.0610,12.0610,12.0610,Confirm active at lock
TE,Dalton Schultz,TE,HOU,TEN,4000,2026-10-11T17:00:00Z,10.8260,10.8260,10.8260,10.8260,10.8260,10.8260,10.8260,10.8260,Confirm active at lock
FLEX,Jahmyr Gibbs,RB,DET,ARI,9800,2026-10-11T20:25:00Z,25.6330,20.4984,25.6330,25.6330,25.6330,25.6330,25.6330,20.4984,Confirm active at lock
DST,Browns DST,DST,CLE,NYJ,2800,2026-10-11T17:00:00Z,7.1200,7.1200,7.1200,7.1200,7.1200,7.1200,7.1200,7.1200,Confirm active at lock
