player,position,team,opponent,salary,salary_source,salary_verification,as_of,kickoff_utc,role_risk,condition,input_type,fumbles_lost,recent_dk_std,pass_attempts,completion_rate,yards_per_completion,pass_td,interceptions,rush_attempts,yards_per_carry,rush_td,prob_300_pass,targets,catch_rate,yards_per_reception,rec_td,prob_100_rush,prob_100_rec,expected_sacks,expected_dst_interceptions,expected_fumble_recoveries,expected_dst_tds,expected_points_allowed_score,expected_pass_yards,expected_rush_yards,expected_receptions,expected_rec_yards,model_projection,model_floor,model_ceiling,value_per_1000,gibbs_volume_down,dowdle_returns,cin_receivers_return,bagent_volume_down,wilson_committee,diggs_limited,joint_downside
Jacoby Brissett,QB,ARI,DET,5500,DKN,published_article_not_contest_export,2026-10-08,2026-10-11T20:25:00Z,0,Confirm active at lock,analyst_assumption_not_fitted_forecast,0.0400,7,35.0000,0.6400,11.2000,1.8000,0.9000,3.0000,3.0000,0.0800,0.2200,0.0000,0.0000,0.0000,0.0000,0.0000,0.0000,0.0000,0.0000,0.0000,0.0000,0.0000,250.8800,9.0000,0.0000,0.0000,18.3352,9.3752,27.2952,3.3337,18.3352,18.3352,18.3352,18.3352,18.3352,18.3352,18.3352
Jared Goff,QB,DET,ARI,6600,DKN,published_article_not_contest_export,2026-10-08,2026-10-11T20:25:00Z,0,Confirm active at lock,analyst_assumption_not_fitted_forecast,0.0400,7,34.0000,0.6900,11.7000,2.2500,0.6500,1.2000,1.5000,0.0300,0.3000,0.0000,0.0000,0.0000,0.0000,0.0000,0.0000,0.0000,0.0000,0.0000,0.0000,0.0000,274.4820,1.8000,0.0000,0.0000,20.5493,11.5893,29.5093,3.1135,20.5493,20.5493,20.5493,20.5493,20.5493,20.5493,20.5493
Jayden Daniels,QB,WAS,NYG,6000,DKN,published_article_not_contest_export,2026-10-08,2026-10-11T17:00:00Z,0,Confirm active at lock,analyst_assumption_not_fitted_forecast,0.0400,7,30.0000,0.6500,10.9000,1.5000,0.7000,7.0000,5.5000,0.3500,0.1200,0.0000,0.0000,0.0000,0.0000,0.0000,0.0000,0.0000,0.0000,0.0000,0.0000,0.0000,212.5500,38.5000,0.0000,0.0000,20.0720,11.1120,29.0320,3.3453,20.0720,20.0720,20.0720,20.0720,20.0720,20.0720,20.0720
Tyson Bagent,QB,CHI,GB,4700,SP,published_article_not_contest_export,2026-10-08,2026-10-11T17:00:00Z,0,Only if confirmed starter; Caleb Williams unresolved,analyst_assumption_not_fitted_forecast,0.0400,7,30.0000,0.6400,10.6000,1.4000,0.8000,4.0000,4.0000,0.1200,0.1000,0.0000,0.0000,0.0000,0.0000,0.0000,0.0000,0.0000,0.0000,0.0000,0.0000,0.0000,203.5200,16.0000,0.0000,0.0000,15.5208,6.5608,24.4808,3.3023,15.5208,15.5208,15.5208,12.2486,15.5208,15.5208,12.2486
Joe Burrow,QB,CIN,MIA,6900,ST,published_article_not_contest_export,2026-10-08,2026-10-11T17:00:00Z,0,Reproject with final Chase and Higgins availability,analyst_assumption_not_fitted_forecast,0.0400,7,34.0000,0.6600,10.8000,1.8000,0.7500,3.0000,4.0000,0.1000,0.1900,0.0000,0.0000,0.0000,0.0000,0.0000,0.0000,0.0000,0.0000,0.0000,0.0000,0.0000,242.3520,12.0000,0.0000,0.0000,18.4741,9.5141,27.4341,2.6774,18.4741,18.4741,18.4741,18.4741,18.4741,18.4741,18.4741
Drake Maye,QB,NE,LV,6300,DKN,published_article_not_contest_export,2026-10-08,2026-10-11T17:00:00Z,0,Confirm active at lock,analyst_assumption_not_fitted_forecast,0.0400,7,32.0000,0.6700,11.3000,1.8000,0.7000,5.0000,5.0000,0.2000,0.2000,0.0000,0.0000,0.0000,0.0000,0.0000,0.0000,0.0000,0.0000,0.0000,0.0000,0.0000,242.2720,25.0000,0.0000,0.0000,20.4509,11.4909,29.4109,3.2462,20.4509,20.4509,20.4509,20.4509,20.4509,20.4509,20.4509
Jahmyr Gibbs,RB,DET,ARI,9800,ST,published_article_not_contest_export,2026-10-08,2026-10-11T20:25:00Z,0,Confirm active at lock,analyst_assumption_not_fitted_forecast,0.0400,8,0.0000,0.0000,0.0000,0.0000,0.0000,21.5000,4.6000,0.8500,0.0000,5.5000,0.7700,8.0000,0.2500,0.5000,0.0200,0.0000,0.0000,0.0000,0.0000,0.0000,0.0000,98.9000,4.2350,33.8800,25.6330,15.3930,35.8730,2.6156,20.4984,25.6330,25.6330,25.6330,25.6330,25.6330,20.4984
Jaylen Warren,RB,PIT,IND,6700,ST,published_article_not_contest_export,2026-10-08,2026-10-11T17:00:00Z,0,Workload depends on Rico Dowdle; limited Thursday,analyst_assumption_not_fitted_forecast,0.0400,8,0.0000,0.0000,0.0000,0.0000,0.0000,18.0000,4.3000,0.6000,0.0000,4.5000,0.7600,7.3000,0.1500,0.2500,0.0200,0.0000,0.0000,0.0000,0.0000,0.0000,0.0000,77.4000,3.4200,24.9660,18.9266,8.6866,29.1666,2.8249,18.9266,14.1850,18.9266,18.9266,18.9266,18.9266,14.1850
Jonathan Taylor,RB,IND,PIT,7800,DKN,published_article_not_contest_export,2026-10-08,2026-10-11T17:00:00Z,0,Confirm active at lock,analyst_assumption_not_fitted_forecast,0.0400,8,0.0000,0.0000,0.0000,0.0000,0.0000,20.0000,4.6000,0.8000,0.0000,3.0000,0.7500,7.0000,0.0800,0.4300,0.0200,0.0000,0.0000,0.0000,0.0000,0.0000,0.0000,92.0000,2.2500,15.7500,19.6150,9.3750,29.8550,2.5147,19.6150,19.6150,19.6150,19.6150,19.6150,19.6150,19.6150
Chase Brown,RB,CIN,MIA,6900,DKN,published_article_not_contest_export,2026-10-08,2026-10-11T17:00:00Z,0,Receiving workload sensitive to Chase and Higgins availability,analyst_assumption_not_fitted_forecast,0.0400,8,0.0000,0.0000,0.0000,0.0000,0.0000,17.0000,4.2000,0.6000,0.0000,5.0000,0.7700,6.7000,0.1800,0.2200,0.0200,0.0000,0.0000,0.0000,0.0000,0.0000,0.0000,71.4000,3.8500,25.7950,18.9295,8.6895,29.1695,2.7434,18.9295,18.9295,17.4156,18.9295,18.9295,18.9295,17.4156
Quinshon Judkins,RB,CLE,NYJ,5700,DKN,published_article_not_contest_export,2026-10-08,2026-10-11T17:00:00Z,0,Confirm active at lock,analyst_assumption_not_fitted_forecast,0.0400,8,0.0000,0.0000,0.0000,0.0000,0.0000,18.0000,4.1000,0.5500,0.0000,2.0000,0.7000,6.0000,0.0500,0.2200,0.0200,0.0000,0.0000,0.0000,0.0000,0.0000,0.0000,73.8000,1.4000,8.4000,13.9000,3.6600,24.1400,2.4386,13.9000,13.9000,13.9000,13.9000,13.9000,13.9000,13.9000
Emanuel Wilson,RB,SEA,SF,5300,DKN,published_article_not_contest_export,2026-10-08,2026-10-11T20:25:00Z,0,Monitor Charbonnet activation; Price on IR; 21 carries last week is not a guaranteed role,analyst_assumption_not_fitted_forecast,0.0400,8,0.0000,0.0000,0.0000,0.0000,0.0000,16.0000,4.2000,0.5000,0.0000,3.0000,0.7300,7.0000,0.1200,0.1700,0.0200,0.0000,0.0000,0.0000,0.0000,0.0000,0.0000,67.2000,2.1900,15.3300,14.6930,4.4530,24.9330,2.7723,14.6930,14.6930,14.6930,14.6930,11.0098,14.6930,11.0098
Amon-Ra St. Brown,WR,DET,ARI,7900,DKN,published_article_not_contest_export,2026-10-08,2026-10-11T20:25:00Z,0,Confirm active at lock,analyst_assumption_not_fitted_forecast,0.0400,8,0.0000,0.0000,0.0000,0.0000,0.0000,0.0000,0.0000,0.0000,0.0000,10.0000,0.7200,11.5000,0.6500,0.0000,0.4000,0.0000,0.0000,0.0000,0.0000,0.0000,0.0000,0.0000,7.2000,82.8000,20.5400,10.3000,30.7800,2.6000,20.5400,20.5400,20.5400,20.5400,20.5400,20.5400,20.5400
Michael Wilson,WR,ARI,DET,6200,DKN,published_article_not_contest_export,2026-10-08,2026-10-11T20:25:00Z,0,Confirm active at lock,analyst_assumption_not_fitted_forecast,0.0400,8,0.0000,0.0000,0.0000,0.0000,0.0000,0.0000,0.0000,0.0000,0.0000,8.5000,0.6400,13.0000,0.4000,0.0000,0.2600,0.0000,0.0000,0.0000,0.0000,0.0000,0.0000,0.0000,5.4400,70.7200,15.6520,5.4120,25.8920,2.5245,15.6520,15.6520,15.6520,15.6520,15.6520,15.6520,15.6520
Jameson Williams,WR,DET,ARI,5900,DKN,published_article_not_contest_export,2026-10-08,2026-10-11T20:25:00Z,0,Confirm active at lock,analyst_assumption_not_fitted_forecast,0.0400,8,0.0000,0.0000,0.0000,0.0000,0.0000,0.0000,0.0000,0.0000,0.0000,6.0000,0.5800,16.0000,0.4500,0.0000,0.2200,0.0000,0.0000,0.0000,0.0000,0.0000,0.0000,0.0000,3.4800,55.6800,12.3680,2.1280,22.6080,2.0963,12.3680,12.3680,12.3680,12.3680,12.3680,12.3680,12.3680
Rome Odunze,WR,CHI,GB,4700,DKN,published_article_not_contest_export,2026-10-08,2026-10-11T17:00:00Z,0,Confirm active at lock,analyst_assumption_not_fitted_forecast,0.0400,8,0.0000,0.0000,0.0000,0.0000,0.0000,0.0000,0.0000,0.0000,0.0000,7.0000,0.6100,13.0000,0.3000,0.0000,0.1600,0.0000,0.0000,0.0000,0.0000,0.0000,0.0000,0.0000,4.2700,55.5100,12.0610,1.8210,22.3010,2.5662,12.0610,12.0610,12.0610,12.0610,12.0610,12.0610,12.0610
Luther Burden III,WR,CHI,GB,4900,DKN,published_article_not_contest_export,2026-10-08,2026-10-11T17:00:00Z,0,Confirm active at lock,analyst_assumption_not_fitted_forecast,0.0400,8,0.0000,0.0000,0.0000,0.0000,0.0000,0.0000,0.0000,0.0000,0.0000,6.0000,0.6800,11.5000,0.2500,0.0000,0.1200,0.0000,0.0000,0.0000,0.0000,0.0000,0.0000,0.0000,4.0800,46.9200,10.5920,0.3520,20.8320,2.1616,10.5920,10.5920,10.5920,10.5920,10.5920,10.5920,10.5920
Christian Watson,WR,GB,CHI,6400,DKN,published_article_not_contest_export,2026-10-08,2026-10-11T17:00:00Z,0,Confirm active at lock,analyst_assumption_not_fitted_forecast,0.0400,8,0.0000,0.0000,0.0000,0.0000,0.0000,0.0000,0.0000,0.0000,0.0000,7.5000,0.6200,15.0000,0.5000,0.0000,0.3000,0.0000,0.0000,0.0000,0.0000,0.0000,0.0000,0.0000,4.6500,69.7500,15.4850,5.2450,25.7250,2.4195,15.4850,15.4850,15.4850,15.4850,15.4850,15.4850,15.4850
Stefon Diggs,WR,WAS,NYG,5500,DKN,published_article_not_contest_export,2026-10-08,2026-10-11T17:00:00Z,0,DNP Wednesday and Thursday; use only if active with normal role,analyst_assumption_not_fitted_forecast,0.0400,8,0.0000,0.0000,0.0000,0.0000,0.0000,0.0000,0.0000,0.0000,0.0000,7.5000,0.6800,11.0000,0.3500,0.0000,0.1800,0.0000,0.0000,0.0000,0.0000,0.0000,0.0000,0.0000,5.1000,56.1000,13.3100,3.0700,23.5500,2.4200,13.3100,13.3100,13.3100,13.3100,13.3100,9.3050,9.3050
Mitch Tinsley,WR,CIN,MIA,3300,ST,published_article_not_contest_export,2026-10-08,2026-10-11T17:00:00Z,1,Speculative until starter absences and routes confirmed,analyst_assumption_not_fitted_forecast,0.0400,8,0.0000,0.0000,0.0000,0.0000,0.0000,0.0000,0.0000,0.0000,0.0000,5.0000,0.6000,11.5000,0.2200,0.0000,0.0500,0.0000,0.0000,0.0000,0.0000,0.0000,0.0000,0.0000,3.0000,34.5000,7.8800,0.0000,18.1200,2.3879,7.8800,7.8800,4.7120,7.8800,7.8800,7.8800,4.7120
Dohnte Meyers,WR,CIN,MIA,3500,SP,published_article_not_contest_export,2026-10-08,2026-10-11T17:00:00Z,1,Speculative until starter absences and routes confirmed,analyst_assumption_not_fitted_forecast,0.0400,8,0.0000,0.0000,0.0000,0.0000,0.0000,0.0000,0.0000,0.0000,0.0000,4.5000,0.6800,10.5000,0.1800,0.0000,0.0400,0.0000,0.0000,0.0000,0.0000,0.0000,0.0000,0.0000,3.0600,32.1300,7.4330,0.0000,17.6730,2.1237,7.4330,7.4330,4.4438,7.4330,7.4330,7.4330,4.4438
Malik Washington,WR,MIA,CIN,4600,DKN,published_article_not_contest_export,2026-10-08,2026-10-11T17:00:00Z,0,Confirm active at lock,analyst_assumption_not_fitted_forecast,0.0400,8,0.0000,0.0000,0.0000,0.0000,0.0000,0.0000,0.0000,0.0000,0.0000,7.0000,0.6700,9.5000,0.2000,0.0000,0.0800,0.0000,0.0000,0.0000,0.0000,0.0000,0.0000,0.0000,4.6900,44.5550,10.5455,0.3055,20.7855,2.2925,10.5455,10.5455,10.5455,10.5455,10.5455,10.5455,10.5455
DK Metcalf,WR,PIT,IND,5400,DKN,published_article_not_contest_export,2026-10-08,2026-10-11T17:00:00Z,0,Confirm active at lock,analyst_assumption_not_fitted_forecast,0.0400,8,0.0000,0.0000,0.0000,0.0000,0.0000,0.0000,0.0000,0.0000,0.0000,7.0000,0.6000,14.0000,0.4000,0.0000,0.2200,0.0000,0.0000,0.0000,0.0000,0.0000,0.0000,0.0000,4.2000,58.8000,13.1000,2.8600,23.3400,2.4259,13.1000,13.1000,13.1000,13.1000,13.1000,13.1000,13.1000
Romeo Doubs,WR,NE,LV,5000,SP,published_article_not_contest_export,2026-10-08,2026-10-11T17:00:00Z,0,Confirm active at lock,analyst_assumption_not_fitted_forecast,0.0400,8,0.0000,0.0000,0.0000,0.0000,0.0000,0.0000,0.0000,0.0000,0.0000,6.0000,0.6100,12.0000,0.3200,0.0000,0.1200,0.0000,0.0000,0.0000,0.0000,0.0000,0.0000,0.0000,3.6600,43.9200,10.2920,0.0520,20.5320,2.0584,10.2920,10.2920,10.2920,10.2920,10.2920,10.2920,10.2920
Trey McBride,TE,ARI,DET,6700,DKN,published_article_not_contest_export,2026-10-08,2026-10-11T20:25:00Z,0,Confirm active at lock,analyst_assumption_not_fitted_forecast,0.0400,6,0.0000,0.0000,0.0000,0.0000,0.0000,0.0000,0.0000,0.0000,0.0000,10.0000,0.7400,9.5000,0.4500,0.0000,0.2400,0.0000,0.0000,0.0000,0.0000,0.0000,0.0000,0.0000,7.4000,70.3000,17.8100,10.1300,25.4900,2.6582,17.8100,17.8100,17.8100,17.8100,17.8100,17.8100,17.8100
Sam LaPorta,TE,DET,ARI,4900,DKN,published_article_not_contest_export,2026-10-08,2026-10-11T20:25:00Z,0,Confirm active at lock,analyst_assumption_not_fitted_forecast,0.0400,6,0.0000,0.0000,0.0000,0.0000,0.0000,0.0000,0.0000,0.0000,0.0000,6.0000,0.7000,10.5000,0.4000,0.0000,0.0900,0.0000,0.0000,0.0000,0.0000,0.0000,0.0000,0.0000,4.2000,44.1000,11.2400,3.5600,18.9200,2.2939,11.2400,11.2400,11.2400,11.2400,11.2400,11.2400,11.2400
Dalton Schultz,TE,HOU,TEN,4000,DKN,published_article_not_contest_export,2026-10-08,2026-10-11T17:00:00Z,0,Confirm active at lock,analyst_assumption_not_fitted_forecast,0.0400,6,0.0000,0.0000,0.0000,0.0000,0.0000,0.0000,0.0000,0.0000,0.0000,6.5000,0.7200,9.5000,0.2500,0.0000,0.0800,0.0000,0.0000,0.0000,0.0000,0.0000,0.0000,0.0000,4.6800,44.4600,10.8260,3.1460,18.5060,2.7065,10.8260,10.8260,10.8260,10.8260,10.8260,10.8260,10.8260
T.J. Hockenson,TE,MIN,NO,4800,SP,published_article_not_contest_export,2026-10-08,2026-10-11T17:00:00Z,0,Verify Jefferson status before increasing target assumption,analyst_assumption_not_fitted_forecast,0.0400,6,0.0000,0.0000,0.0000,0.0000,0.0000,0.0000,0.0000,0.0000,0.0000,7.0000,0.7300,9.0000,0.3000,0.0000,0.1000,0.0000,0.0000,0.0000,0.0000,0.0000,0.0000,0.0000,5.1100,45.9900,11.7690,4.0890,19.4490,2.4519,11.7690,11.7690,11.7690,11.7690,11.7690,11.7690,11.7690
Hunter Henry,TE,NE,LV,3700,SP,published_article_not_contest_export,2026-10-08,2026-10-11T17:00:00Z,0,Confirm active at lock,analyst_assumption_not_fitted_forecast,0.0400,6,0.0000,0.0000,0.0000,0.0000,0.0000,0.0000,0.0000,0.0000,0.0000,5.0000,0.6800,10.5000,0.3000,0.0000,0.0600,0.0000,0.0000,0.0000,0.0000,0.0000,0.0000,0.0000,3.4000,35.7000,8.9100,1.2300,16.5900,2.4081,8.9100,8.9100,8.9100,8.9100,8.9100,8.9100,8.9100
Malik Nabers,WR,NYG,WAS,6300,DKN,published_article_not_contest_export,2026-10-08,2026-10-11T17:00:00Z,0,Knee LP Thursday; confirm active and workload,analyst_assumption_not_fitted_forecast,0.0400,8,0.0000,0.0000,0.0000,0.0000,0.0000,0.0000,0.0000,0.0000,0.0000,7.0000,0.6300,12.0000,0.3000,0.0000,0.1500,0.0000,0.0000,0.0000,0.0000,0.0000,0.0000,0.0000,4.4100,52.9200,11.9120,1.6720,22.1520,1.8908,11.9120,11.9120,11.9120,11.9120,11.9120,11.9120,11.9120
Brock Bowers,TE,LV,NE,7000,SP,published_article_not_contest_export,2026-10-08,2026-10-11T17:00:00Z,0,Confirm active at lock,analyst_assumption_not_fitted_forecast,0.0400,6,0.0000,0.0000,0.0000,0.0000,0.0000,0.0000,0.0000,0.0000,0.0000,8.0000,0.7200,10.0000,0.4000,0.0000,0.1500,0.0000,0.0000,0.0000,0.0000,0.0000,0.0000,0.0000,5.7600,57.6000,14.3300,6.6500,22.0100,2.0471,14.3300,14.3300,14.3300,14.3300,14.3300,14.3300,14.3300
Browns DST,DST,CLE,NYJ,2800,DKN,published_article_not_contest_export,2026-10-08,2026-10-11T17:00:00Z,0,Confirm active at lock,analyst_assumption_not_fitted_forecast,0.0400,4,0.0000,0.0000,0.0000,0.0000,0.0000,0.0000,0.0000,0.0000,0.0000,0.0000,0.0000,0.0000,0.0000,0.0000,0.0000,3.0000,0.8000,0.5000,0.1200,0.8000,,,,,7.1200,2.0000,12.2400,2.5429,7.1200,7.1200,7.1200,7.1200,7.1200,7.1200,7.1200
Chargers DST,DST,LAC,DEN,2300,DKN,published_article_not_contest_export,2026-10-08,2026-10-11T20:05:00Z,0,Confirm active at lock,analyst_assumption_not_fitted_forecast,0.0400,4,0.0000,0.0000,0.0000,0.0000,0.0000,0.0000,0.0000,0.0000,0.0000,0.0000,0.0000,0.0000,0.0000,0.0000,0.0000,2.3000,0.7000,0.4000,0.0800,0.3000,,,,,5.2800,0.1600,10.4000,2.2957,5.2800,5.2800,5.2800,5.2800,5.2800,5.2800,5.2800
Texans DST,DST,HOU,TEN,3400,SP,published_article_not_contest_export,2026-10-08,2026-10-11T17:00:00Z,0,Confirm active at lock,analyst_assumption_not_fitted_forecast,0.0400,4,0.0000,0.0000,0.0000,0.0000,0.0000,0.0000,0.0000,0.0000,0.0000,0.0000,0.0000,0.0000,0.0000,0.0000,0.0000,3.0000,0.9000,0.6000,0.1300,1.5000,,,,,8.2800,3.1600,13.4000,2.4353,8.2800,8.2800,8.2800,8.2800,8.2800,8.2800,8.2800
Bears DST,DST,CHI,GB,2900,DKN,published_article_not_contest_export,2026-10-08,2026-10-11T17:00:00Z,0,Confirm active at lock,analyst_assumption_not_fitted_forecast,0.0400,4,0.0000,0.0000,0.0000,0.0000,0.0000,0.0000,0.0000,0.0000,0.0000,0.0000,0.0000,0.0000,0.0000,0.0000,0.0000,3.0000,0.8000,0.5000,0.1200,0.6000,,,,,6.9200,1.8000,12.0400,2.3862,6.9200,6.9200,6.9200,6.9200,6.9200,6.9200,6.9200
