player,position,team,opponent,salary,salary_source,salary_verification,as_of,kickoff_utc,role_risk,condition,input_type,fumbles_lost,recent_dk_std,pass_attempts,completion_rate,yards_per_completion,pass_td,interceptions,rush_attempts,yards_per_carry,rush_td,prob_300_pass,targets,catch_rate,yards_per_reception,rec_td,prob_100_rush,prob_100_rec,expected_sacks,expected_dst_interceptions,expected_fumble_recoveries,expected_dst_tds,expected_points_allowed_score
Jacoby Brissett,QB,ARI,DET,5500,DKN,published_article_not_contest_export,2026-10-08,2026-10-11T20:25:00Z,0,Confirm active at lock,analyst_assumption_not_fitted_forecast,0.04,7,35.0,0.64,11.2,1.8,0.9,3.0,3.0,0.08,0.22,0.0,0.0,0.0,0.0,0.0,0.0,0.0,0.0,0.0,0.0,0.0
Jared Goff,QB,DET,ARI,6600,DKN,published_article_not_contest_export,2026-10-08,2026-10-11T20:25:00Z,0,Confirm active at lock,analyst_assumption_not_fitted_forecast,0.04,7,34.0,0.69,11.7,2.25,0.65,1.2,1.5,0.03,0.3,0.0,0.0,0.0,0.0,0.0,0.0,0.0,0.0,0.0,0.0,0.0
Jayden Daniels,QB,WAS,NYG,6000,DKN,published_article_not_contest_export,2026-10-08,2026-10-11T17:00:00Z,0,Confirm active at lock,analyst_assumption_not_fitted_forecast,0.04,7,30.0,0.65,10.9,1.5,0.7,7.0,5.5,0.35,0.12,0.0,0.0,0.0,0.0,0.0,0.0,0.0,0.0,0.0,0.0,0.0
Tyson Bagent,QB,CHI,GB,4700,SP,published_article_not_contest_export,2026-10-08,2026-10-11T17:00:00Z,0,Only if confirmed starter; Caleb Williams unresolved,analyst_assumption_not_fitted_forecast,0.04,7,30.0,0.64,10.6,1.4,0.8,4.0,4.0,0.12,0.1,0.0,0.0,0.0,0.0,0.0,0.0,0.0,0.0,0.0,0.0,0.0
Joe Burrow,QB,CIN,MIA,6900,ST,published_article_not_contest_export,2026-10-08,2026-10-11T17:00:00Z,0,Reproject with final Chase and Higgins availability,analyst_assumption_not_fitted_forecast,0.04,7,34.0,0.66,10.8,1.8,0.75,3.0,4.0,0.1,0.19,0.0,0.0,0.0,0.0,0.0,0.0,0.0,0.0,0.0,0.0,0.0
Drake Maye,QB,NE,LV,6300,DKN,published_article_not_contest_export,2026-10-08,2026-10-11T17:00:00Z,0,Confirm active at lock,analyst_assumption_not_fitted_forecast,0.04,7,32.0,0.67,11.3,1.8,0.7,5.0,5.0,0.2,0.2,0.0,0.0,0.0,0.0,0.0,0.0,0.0,0.0,0.0,0.0,0.0
Jahmyr Gibbs,RB,DET,ARI,9800,ST,published_article_not_contest_export,2026-10-08,2026-10-11T20:25:00Z,0,Confirm active at lock,analyst_assumption_not_fitted_forecast,0.04,8,0.0,0.0,0.0,0.0,0.0,21.5,4.6,0.85,0.0,5.5,0.77,8.0,0.25,0.5,0.02,0.0,0.0,0.0,0.0,0.0
Jaylen Warren,RB,PIT,IND,6700,ST,published_article_not_contest_export,2026-10-08,2026-10-11T17:00:00Z,0,Workload depends on Rico Dowdle; limited Thursday,analyst_assumption_not_fitted_forecast,0.04,8,0.0,0.0,0.0,0.0,0.0,18.0,4.3,0.6,0.0,4.5,0.76,7.3,0.15,0.25,0.02,0.0,0.0,0.0,0.0,0.0
Jonathan Taylor,RB,IND,PIT,7800,DKN,published_article_not_contest_export,2026-10-08,2026-10-11T17:00:00Z,0,Confirm active at lock,analyst_assumption_not_fitted_forecast,0.04,8,0.0,0.0,0.0,0.0,0.0,20.0,4.6,0.8,0.0,3.0,0.75,7.0,0.08,0.43,0.02,0.0,0.0,0.0,0.0,0.0
Chase Brown,RB,CIN,MIA,6900,DKN,published_article_not_contest_export,2026-10-08,2026-10-11T17:00:00Z,0,Receiving workload sensitive to Chase and Higgins availability,analyst_assumption_not_fitted_forecast,0.04,8,0.0,0.0,0.0,0.0,0.0,17.0,4.2,0.6,0.0,5.0,0.77,6.7,0.18,0.22,0.02,0.0,0.0,0.0,0.0,0.0
Quinshon Judkins,RB,CLE,NYJ,5700,DKN,published_article_not_contest_export,2026-10-08,2026-10-11T17:00:00Z,0,Confirm active at lock,analyst_assumption_not_fitted_forecast,0.04,8,0.0,0.0,0.0,0.0,0.0,18.0,4.1,0.55,0.0,2.0,0.7,6.0,0.05,0.22,0.02,0.0,0.0,0.0,0.0,0.0
Emanuel Wilson,RB,SEA,SF,5300,DKN,published_article_not_contest_export,2026-10-08,2026-10-11T20:25:00Z,0,Monitor Charbonnet activation; Price on IR; 21 carries last week is not a guaranteed role,analyst_assumption_not_fitted_forecast,0.04,8,0.0,0.0,0.0,0.0,0.0,16.0,4.2,0.5,0.0,3.0,0.73,7.0,0.12,0.17,0.02,0.0,0.0,0.0,0.0,0.0
Amon-Ra St. Brown,WR,DET,ARI,7900,DKN,published_article_not_contest_export,2026-10-08,2026-10-11T20:25:00Z,0,Confirm active at lock,analyst_assumption_not_fitted_forecast,0.04,8,0.0,0.0,0.0,0.0,0.0,0.0,0.0,0.0,0.0,10.0,0.72,11.5,0.65,0.0,0.4,0.0,0.0,0.0,0.0,0.0
Michael Wilson,WR,ARI,DET,6200,DKN,published_article_not_contest_export,2026-10-08,2026-10-11T20:25:00Z,0,Confirm active at lock,analyst_assumption_not_fitted_forecast,0.04,8,0.0,0.0,0.0,0.0,0.0,0.0,0.0,0.0,0.0,8.5,0.64,13.0,0.4,0.0,0.26,0.0,0.0,0.0,0.0,0.0
Jameson Williams,WR,DET,ARI,5900,DKN,published_article_not_contest_export,2026-10-08,2026-10-11T20:25:00Z,0,Confirm active at lock,analyst_assumption_not_fitted_forecast,0.04,8,0.0,0.0,0.0,0.0,0.0,0.0,0.0,0.0,0.0,6.0,0.58,16.0,0.45,0.0,0.22,0.0,0.0,0.0,0.0,0.0
Rome Odunze,WR,CHI,GB,4700,DKN,published_article_not_contest_export,2026-10-08,2026-10-11T17:00:00Z,0,Confirm active at lock,analyst_assumption_not_fitted_forecast,0.04,8,0.0,0.0,0.0,0.0,0.0,0.0,0.0,0.0,0.0,7.0,0.61,13.0,0.3,0.0,0.16,0.0,0.0,0.0,0.0,0.0
Luther Burden III,WR,CHI,GB,4900,DKN,published_article_not_contest_export,2026-10-08,2026-10-11T17:00:00Z,0,Confirm active at lock,analyst_assumption_not_fitted_forecast,0.04,8,0.0,0.0,0.0,0.0,0.0,0.0,0.0,0.0,0.0,6.0,0.68,11.5,0.25,0.0,0.12,0.0,0.0,0.0,0.0,0.0
Christian Watson,WR,GB,CHI,6400,DKN,published_article_not_contest_export,2026-10-08,2026-10-11T17:00:00Z,0,Confirm active at lock,analyst_assumption_not_fitted_forecast,0.04,8,0.0,0.0,0.0,0.0,0.0,0.0,0.0,0.0,0.0,7.5,0.62,15.0,0.5,0.0,0.3,0.0,0.0,0.0,0.0,0.0
Stefon Diggs,WR,WAS,NYG,5500,DKN,published_article_not_contest_export,2026-10-08,2026-10-11T17:00:00Z,0,DNP Wednesday and Thursday; use only if active with normal role,analyst_assumption_not_fitted_forecast,0.04,8,0.0,0.0,0.0,0.0,0.0,0.0,0.0,0.0,0.0,7.5,0.68,11.0,0.35,0.0,0.18,0.0,0.0,0.0,0.0,0.0
Mitch Tinsley,WR,CIN,MIA,3300,ST,published_article_not_contest_export,2026-10-08,2026-10-11T17:00:00Z,1,Speculative until starter absences and routes confirmed,analyst_assumption_not_fitted_forecast,0.04,8,0.0,0.0,0.0,0.0,0.0,0.0,0.0,0.0,0.0,5.0,0.6,11.5,0.22,0.0,0.05,0.0,0.0,0.0,0.0,0.0
Dohnte Meyers,WR,CIN,MIA,3500,SP,published_article_not_contest_export,2026-10-08,2026-10-11T17:00:00Z,1,Speculative until starter absences and routes confirmed,analyst_assumption_not_fitted_forecast,0.04,8,0.0,0.0,0.0,0.0,0.0,0.0,0.0,0.0,0.0,4.5,0.68,10.5,0.18,0.0,0.04,0.0,0.0,0.0,0.0,0.0
Malik Washington,WR,MIA,CIN,4600,DKN,published_article_not_contest_export,2026-10-08,2026-10-11T17:00:00Z,0,Confirm active at lock,analyst_assumption_not_fitted_forecast,0.04,8,0.0,0.0,0.0,0.0,0.0,0.0,0.0,0.0,0.0,7.0,0.67,9.5,0.2,0.0,0.08,0.0,0.0,0.0,0.0,0.0
DK Metcalf,WR,PIT,IND,5400,DKN,published_article_not_contest_export,2026-10-08,2026-10-11T17:00:00Z,0,Confirm active at lock,analyst_assumption_not_fitted_forecast,0.04,8,0.0,0.0,0.0,0.0,0.0,0.0,0.0,0.0,0.0,7.0,0.6,14.0,0.4,0.0,0.22,0.0,0.0,0.0,0.0,0.0
Romeo Doubs,WR,NE,LV,5000,SP,published_article_not_contest_export,2026-10-08,2026-10-11T17:00:00Z,0,Confirm active at lock,analyst_assumption_not_fitted_forecast,0.04,8,0.0,0.0,0.0,0.0,0.0,0.0,0.0,0.0,0.0,6.0,0.61,12.0,0.32,0.0,0.12,0.0,0.0,0.0,0.0,0.0
Trey McBride,TE,ARI,DET,6700,DKN,published_article_not_contest_export,2026-10-08,2026-10-11T20:25:00Z,0,Confirm active at lock,analyst_assumption_not_fitted_forecast,0.04,6,0.0,0.0,0.0,0.0,0.0,0.0,0.0,0.0,0.0,10.0,0.74,9.5,0.45,0.0,0.24,0.0,0.0,0.0,0.0,0.0
Sam LaPorta,TE,DET,ARI,4900,DKN,published_article_not_contest_export,2026-10-08,2026-10-11T20:25:00Z,0,Confirm active at lock,analyst_assumption_not_fitted_forecast,0.04,6,0.0,0.0,0.0,0.0,0.0,0.0,0.0,0.0,0.0,6.0,0.7,10.5,0.4,0.0,0.09,0.0,0.0,0.0,0.0,0.0
Dalton Schultz,TE,HOU,TEN,4000,DKN,published_article_not_contest_export,2026-10-08,2026-10-11T17:00:00Z,0,Confirm active at lock,analyst_assumption_not_fitted_forecast,0.04,6,0.0,0.0,0.0,0.0,0.0,0.0,0.0,0.0,0.0,6.5,0.72,9.5,0.25,0.0,0.08,0.0,0.0,0.0,0.0,0.0
T.J. Hockenson,TE,MIN,NO,4800,SP,published_article_not_contest_export,2026-10-08,2026-10-11T17:00:00Z,0,Verify Jefferson status before increasing target assumption,analyst_assumption_not_fitted_forecast,0.04,6,0.0,0.0,0.0,0.0,0.0,0.0,0.0,0.0,0.0,7.0,0.73,9.0,0.3,0.0,0.1,0.0,0.0,0.0,0.0,0.0
Hunter Henry,TE,NE,LV,3700,SP,published_article_not_contest_export,2026-10-08,2026-10-11T17:00:00Z,0,Confirm active at lock,analyst_assumption_not_fitted_forecast,0.04,6,0.0,0.0,0.0,0.0,0.0,0.0,0.0,0.0,0.0,5.0,0.68,10.5,0.3,0.0,0.06,0.0,0.0,0.0,0.0,0.0
Malik Nabers,WR,NYG,WAS,6300,DKN,published_article_not_contest_export,2026-10-08,2026-10-11T17:00:00Z,0,Knee LP Thursday; confirm active and workload,analyst_assumption_not_fitted_forecast,0.04,8,0.0,0.0,0.0,0.0,0.0,0.0,0.0,0.0,0.0,7.0,0.63,12.0,0.3,0.0,0.15,0.0,0.0,0.0,0.0,0.0
Brock Bowers,TE,LV,NE,7000,SP,published_article_not_contest_export,2026-10-08,2026-10-11T17:00:00Z,0,Confirm active at lock,analyst_assumption_not_fitted_forecast,0.04,6,0.0,0.0,0.0,0.0,0.0,0.0,0.0,0.0,0.0,8.0,0.72,10.0,0.4,0.0,0.15,0.0,0.0,0.0,0.0,0.0
Browns DST,DST,CLE,NYJ,2800,DKN,published_article_not_contest_export,2026-10-08,2026-10-11T17:00:00Z,0,Confirm active at lock,analyst_assumption_not_fitted_forecast,0.04,4,0.0,0.0,0.0,0.0,0.0,0.0,0.0,0.0,0.0,0.0,0.0,0.0,0.0,0.0,0.0,3.0,0.8,0.5,0.12,0.8
Chargers DST,DST,LAC,DEN,2300,DKN,published_article_not_contest_export,2026-10-08,2026-10-11T20:05:00Z,0,Confirm active at lock,analyst_assumption_not_fitted_forecast,0.04,4,0.0,0.0,0.0,0.0,0.0,0.0,0.0,0.0,0.0,0.0,0.0,0.0,0.0,0.0,0.0,2.3,0.7,0.4,0.08,0.3
Texans DST,DST,HOU,TEN,3400,SP,published_article_not_contest_export,2026-10-08,2026-10-11T17:00:00Z,0,Confirm active at lock,analyst_assumption_not_fitted_forecast,0.04,4,0.0,0.0,0.0,0.0,0.0,0.0,0.0,0.0,0.0,0.0,0.0,0.0,0.0,0.0,0.0,3.0,0.9,0.6,0.13,1.5
Bears DST,DST,CHI,GB,2900,DKN,published_article_not_contest_export,2026-10-08,2026-10-11T17:00:00Z,0,Confirm active at lock,analyst_assumption_not_fitted_forecast,0.04,4,0.0,0.0,0.0,0.0,0.0,0.0,0.0,0.0,0.0,0.0,0.0,0.0,0.0,0.0,0.0,3.0,0.8,0.5,0.12,0.6
