candidate_id,salary,model_projection,joint_downside,rb_workload_down20,qb_passing_down20,worst_tested_scenario,players
jacoby_brissett_compact_mean_te1,49900,132.6317,131.1178,126.1528,125.9143,125.9143,Jacoby Brissett | Chase Brown | Quinshon Judkins | Amon-Ra St. Brown | DK Metcalf | Rome Odunze | T.J. Hockenson | Michael Wilson | Browns DST
jacoby_brissett_compact_mean_te2,50000,133.4847,131.9708,125.7598,123.1973,123.1973,Jacoby Brissett | Chase Brown | Jonathan Taylor | DK Metcalf | Michael Wilson | Rome Odunze | Dalton Schultz | Trey McBride | Browns DST
jacoby_brissett_compact_balanced_te1,49900,132.6317,131.1178,126.1528,125.9143,125.9143,Jacoby Brissett | Chase Brown | Quinshon Judkins | Amon-Ra St. Brown | DK Metcalf | Rome Odunze | T.J. Hockenson | Michael Wilson | Browns DST
jacoby_brissett_compact_balanced_te2,49900,133.0907,131.5768,126.6118,125.9417,125.9417,Jacoby Brissett | Chase Brown | Quinshon Judkins | Amon-Ra St. Brown | DK Metcalf | Rome Odunze | Hunter Henry | Trey McBride | Texans DST
jacoby_brissett_game_mean_te1,50000,131.0847,125.9501,123.7565,120.7973,120.7973,Jacoby Brissett | Jahmyr Gibbs | Woody Marks | DK Metcalf | Malik Washington | Rome Odunze | Trey McBride | Michael Wilson | Chargers DST
jacoby_brissett_game_mean_te2,49900,133.0647,131.5508,127.0772,122.7773,122.7773,Jacoby Brissett | Chase Brown | Woody Marks | Amon-Ra St. Brown | DK Metcalf | Michael Wilson | Hunter Henry | Trey McBride | Browns DST
jacoby_brissett_game_balanced_te1,50000,131.0847,125.9501,123.7565,120.7973,120.7973,Jacoby Brissett | Jahmyr Gibbs | Woody Marks | DK Metcalf | Malik Washington | Rome Odunze | Trey McBride | Michael Wilson | Chargers DST
jacoby_brissett_game_balanced_te2,49900,133.0647,131.5508,127.0772,122.7773,122.7773,Jacoby Brissett | Chase Brown | Woody Marks | Amon-Ra St. Brown | DK Metcalf | Michael Wilson | Hunter Henry | Trey McBride | Browns DST
jacoby_brissett_gibbs_mean_te1,49800,132.4087,125.7602,121.2866,125.6913,121.2866,Jacoby Brissett | Chase Brown | Woody Marks | DK Metcalf | Michael Wilson | Rome Odunze | Hunter Henry | Jahmyr Gibbs | Browns DST
jacoby_brissett_gibbs_mean_te2,49800,133.2497,126.6012,124.3212,126.5323,124.3212,Jacoby Brissett | Chase Brown | Jahmyr Gibbs | DK Metcalf | Michael Wilson | Rome Odunze | Hunter Henry | T.J. Hockenson | Browns DST
jared_goff_compact_mean_te1,49900,131.9868,130.4729,125.5079,123.6949,123.6949,Jared Goff | Chase Brown | Quinshon Judkins | Amon-Ra St. Brown | DK Metcalf | Rome Odunze | Hunter Henry | Michael Wilson | Browns DST
jared_goff_compact_mean_te2,49900,132.3048,130.7909,125.8259,124.0129,124.0129,Jared Goff | Chase Brown | Quinshon Judkins | Amon-Ra St. Brown | DK Metcalf | Rome Odunze | Hunter Henry | Trey McBride | Chargers DST
jared_goff_compact_balanced_te1,49900,131.9868,130.4729,125.5079,123.6949,123.6949,Jared Goff | Chase Brown | Quinshon Judkins | Amon-Ra St. Brown | DK Metcalf | Rome Odunze | Hunter Henry | Michael Wilson | Browns DST
jared_goff_compact_balanced_te2,49900,131.5868,130.0729,125.1079,125.1549,125.1079,Jared Goff | Chase Brown | Quinshon Judkins | DK Metcalf | Michael Wilson | Rome Odunze | Sam LaPorta | Trey McBride | Browns DST
jared_goff_game_mean_te1,49700,130.0198,128.5059,124.0323,119.4719,119.4719,Jared Goff | Chase Brown | Woody Marks | Amon-Ra St. Brown | DK Metcalf | Rome Odunze | Sam LaPorta | Michael Wilson | Chargers DST
jared_goff_game_mean_te2,50000,130.1228,128.6089,123.8525,119.5749,119.5749,Jared Goff | Chase Brown | Tony Pollard | Amon-Ra St. Brown | DK Metcalf | Michael Wilson | Hunter Henry | Sam LaPorta | Browns DST
jared_goff_game_balanced_te1,49700,130.0198,128.5059,124.0323,119.4719,119.4719,Jared Goff | Chase Brown | Woody Marks | Amon-Ra St. Brown | DK Metcalf | Rome Odunze | Sam LaPorta | Michael Wilson | Chargers DST
jared_goff_game_balanced_te2,50000,130.1228,128.6089,123.8525,119.5749,119.5749,Jared Goff | Chase Brown | Tony Pollard | Amon-Ra St. Brown | DK Metcalf | Michael Wilson | Hunter Henry | Sam LaPorta | Browns DST
jared_goff_gibbs_mean_te1,50000,130.0063,123.3578,118.8842,121.7378,118.8842,Jared Goff | Chase Brown | Woody Marks | DK Metcalf | Malik Washington | Rome Odunze | Sam LaPorta | Jahmyr Gibbs | Chargers DST
jared_goff_gibbs_mean_te2,50000,130.9883,124.3398,122.0598,122.7198,122.0598,Jared Goff | Chase Brown | Jahmyr Gibbs | DK Metcalf | Malik Washington | Rome Odunze | Hunter Henry | Sam LaPorta | Texans DST
jared_goff_two_wr_mean_te1,50000,128.2088,126.6949,122.2213,117.4353,117.4353,Jared Goff | Chase Brown | Woody Marks | Amon-Ra St. Brown | DK Metcalf | Jameson Williams | Dalton Schultz | Michael Wilson | Chargers DST
jared_goff_two_wr_mean_te2,50000,129.2158,127.7019,123.2283,118.4423,118.4423,Jared Goff | Chase Brown | Woody Marks | Amon-Ra St. Brown | Jameson Williams | Rome Odunze | Hunter Henry | Trey McBride | Browns DST
drake_maye_compact_mean_te1,50000,132.5614,131.0475,126.5739,127.2732,126.5739,Drake Maye | Chase Brown | Woody Marks | DK Metcalf | Nico Collins | Rome Odunze | Hunter Henry | Amon-Ra St. Brown | Browns DST
drake_maye_compact_mean_te2,50000,133.5484,132.0345,125.8235,128.2602,125.8235,Drake Maye | Chase Brown | Jonathan Taylor | DK Metcalf | Michael Wilson | Rome Odunze | Hunter Henry | Trey McBride | Chargers DST
drake_maye_compact_balanced_te1,50000,132.5614,131.0475,126.5739,127.2732,126.5739,Drake Maye | Chase Brown | Woody Marks | DK Metcalf | Nico Collins | Rome Odunze | Hunter Henry | Amon-Ra St. Brown | Browns DST
drake_maye_compact_balanced_te2,49800,132.7494,131.2355,126.7619,127.4612,126.7619,Drake Maye | Chase Brown | Woody Marks | Amon-Ra St. Brown | DK Metcalf | Rome Odunze | Hunter Henry | Trey McBride | Texans DST
drake_maye_game_mean_te2,49600,126.5484,125.0345,118.8235,119.1938,118.8235,Drake Maye | Chase Brown | Jonathan Taylor | DK Metcalf | Rome Odunze | Romeo Doubs | Brock Bowers | Hunter Henry | Browns DST
drake_maye_game_balanced_te2,49800,126.3404,124.8265,120.3529,118.9858,118.9858,Drake Maye | Chase Brown | Woody Marks | Amon-Ra St. Brown | DK Metcalf | Romeo Doubs | Brock Bowers | Hunter Henry | Browns DST
drake_maye_gibbs_mean_te1,49900,132.3019,125.6534,123.3734,127.0137,123.3734,Drake Maye | Chase Brown | Jahmyr Gibbs | DK Metcalf | Malik Washington | Rome Odunze | Hunter Henry | Michael Wilson | Chargers DST
drake_maye_gibbs_mean_te2,49800,132.7184,126.0699,123.7899,127.4302,123.7899,Drake Maye | Chase Brown | Jahmyr Gibbs | DK Metcalf | Michael Wilson | Rome Odunze | Dalton Schultz | Hunter Henry | Browns DST
tyson_bagent_compact_mean_te1,50000,132.4763,127.6902,122.5578,127.2479,122.5578,Tyson Bagent | Chase Brown | Jonathan Taylor | DK Metcalf | Michael Wilson | Rome Odunze | Trey McBride | Woody Marks | Browns DST
tyson_bagent_compact_mean_te2,50000,133.3173,128.5312,125.5924,128.0889,125.5924,Tyson Bagent | Chase Brown | Jonathan Taylor | DK Metcalf | Michael Wilson | Rome Odunze | T.J. Hockenson | Trey McBride | Browns DST
tyson_bagent_compact_balanced_te1,49700,131.6433,126.8572,125.6558,126.4149,125.6558,Tyson Bagent | Chase Brown | Woody Marks | DK Metcalf | Nico Collins | Rome Odunze | Trey McBride | Michael Wilson | Browns DST
tyson_bagent_compact_balanced_te2,50000,131.6503,126.8642,125.6628,126.7721,125.6628,Tyson Bagent | Chase Brown | Woody Marks | Amon-Ra St. Brown | DK Metcalf | Michael Wilson | Colston Loveland | Trey McBride | Browns DST
tyson_bagent_game_mean_te1,49900,130.4448,120.5241,121.5163,123.1464,120.5241,Tyson Bagent | Chase Brown | Jahmyr Gibbs | Christian Watson | DK Metcalf | Malik Washington | Colston Loveland | Rome Odunze | Browns DST
tyson_bagent_game_mean_te2,50000,131.6913,126.9052,123.9664,124.3929,123.9664,Tyson Bagent | Chase Brown | Jonathan Taylor | Christian Watson | DK Metcalf | Rome Odunze | Colston Loveland | Trey McBride | Browns DST
tyson_bagent_game_balanced_te1,49800,130.1333,125.3472,122.4084,122.7785,122.4084,Tyson Bagent | Chase Brown | Jonathan Taylor | Christian Watson | DK Metcalf | Luther Burden III | Trey McBride | Rome Odunze | Chargers DST
tyson_bagent_game_balanced_te2,50000,131.6913,126.9052,123.9664,124.3929,123.9664,Tyson Bagent | Chase Brown | Jonathan Taylor | Christian Watson | DK Metcalf | Rome Odunze | Colston Loveland | Trey McBride | Browns DST
tyson_bagent_gibbs_mean_te1,50000,132.2598,122.3391,123.3313,127.0314,122.3391,Tyson Bagent | Chase Brown | Jahmyr Gibbs | DK Metcalf | Malik Washington | Rome Odunze | Hunter Henry | Amon-Ra St. Brown | Chargers DST
tyson_bagent_gibbs_mean_te2,49900,132.6763,122.7556,123.7478,127.4479,122.7556,Tyson Bagent | Chase Brown | Jahmyr Gibbs | Amon-Ra St. Brown | DK Metcalf | Rome Odunze | Dalton Schultz | Hunter Henry | Browns DST
aaron_rodgers_compact_mean_te1,50000,131.7182,130.2043,125.2393,125.3758,125.2393,Aaron Rodgers | Chase Brown | Quinshon Judkins | DK Metcalf | Malik Washington | Rome Odunze | Trey McBride | Amon-Ra St. Brown | Browns DST
aaron_rodgers_compact_mean_te2,49900,132.3362,125.6877,123.4077,125.9938,123.4077,Aaron Rodgers | Chase Brown | Jahmyr Gibbs | DK Metcalf | Malik Washington | Rome Odunze | Hunter Henry | Trey McBride | Browns DST
aaron_rodgers_compact_balanced_te1,50000,131.7182,130.2043,125.2393,125.3758,125.2393,Aaron Rodgers | Chase Brown | Quinshon Judkins | DK Metcalf | Malik Washington | Rome Odunze | Trey McBride | Amon-Ra St. Brown | Browns DST
aaron_rodgers_compact_balanced_te2,49900,131.6447,130.1308,125.6572,125.3023,125.3023,Aaron Rodgers | Chase Brown | Woody Marks | Amon-Ra St. Brown | DK Metcalf | Rome Odunze | T.J. Hockenson | Trey McBride | Texans DST
aaron_rodgers_game_mean_te1,50000,130.0517,128.5378,122.3268,122.0203,122.0203,Aaron Rodgers | Chase Brown | Jonathan Taylor | DK Metcalf | Nico Collins | Rome Odunze | Pat Freiermuth | Michael Wilson | Chargers DST
aaron_rodgers_game_mean_te2,49700,130.9197,129.4058,123.1948,122.8883,122.8883,Aaron Rodgers | Chase Brown | Jonathan Taylor | DK Metcalf | Michael Wilson | Rome Odunze | Pat Freiermuth | Trey McBride | Browns DST
aaron_rodgers_game_balanced_te1,50000,130.0517,128.5378,122.3268,122.0203,122.0203,Aaron Rodgers | Chase Brown | Jonathan Taylor | DK Metcalf | Nico Collins | Rome Odunze | Pat Freiermuth | Michael Wilson | Chargers DST
aaron_rodgers_game_balanced_te2,49700,130.9197,129.4058,123.1948,122.8883,122.8883,Aaron Rodgers | Chase Brown | Jonathan Taylor | DK Metcalf | Michael Wilson | Rome Odunze | Pat Freiermuth | Trey McBride | Browns DST
aaron_rodgers_gibbs_mean_te1,50000,131.3382,124.6897,122.4097,124.9958,122.4097,Aaron Rodgers | Chase Brown | Jahmyr Gibbs | DK Metcalf | Malik Washington | Rome Odunze | Hunter Henry | Michael Wilson | Texans DST
aaron_rodgers_gibbs_mean_te2,49900,132.3362,125.6877,123.4077,125.9938,123.4077,Aaron Rodgers | Chase Brown | Jahmyr Gibbs | DK Metcalf | Malik Washington | Rome Odunze | Hunter Henry | Trey McBride | Browns DST
cj_stroud_compact_mean_te1,50000,131.9297,130.4158,124.2048,126.3549,124.2048,C.J. Stroud | Chase Brown | Jonathan Taylor | DK Metcalf | Malik Washington | Rome Odunze | Dalton Schultz | Amon-Ra St. Brown | Browns DST
cj_stroud_compact_mean_te2,50000,132.9642,131.4503,126.4853,127.3894,126.4853,C.J. Stroud | Chase Brown | Quinshon Judkins | Amon-Ra St. Brown | DK Metcalf | Rome Odunze | Dalton Schultz | Trey McBride | Browns DST
cj_stroud_compact_balanced_te1,50000,131.8842,130.3703,125.4053,124.3774,124.3774,C.J. Stroud | Chase Brown | Quinshon Judkins | DK Metcalf | Nico Collins | Rome Odunze | Hunter Henry | Amon-Ra St. Brown | Chargers DST
cj_stroud_compact_balanced_te2,50000,132.9642,131.4503,126.4853,127.3894,126.4853,C.J. Stroud | Chase Brown | Quinshon Judkins | Amon-Ra St. Brown | DK Metcalf | Rome Odunze | Dalton Schultz | Trey McBride | Browns DST
cj_stroud_game_mean_te1,50000,129.3292,127.8153,120.3739,119.9900,119.9900,C.J. Stroud | Chase Brown | Quinshon Judkins | DK Metcalf | Michael Wilson | Nico Collins | Dalton Schultz | Tony Pollard | Browns DST
cj_stroud_game_mean_te2,49500,130.1632,128.6493,123.8929,120.8240,120.8240,C.J. Stroud | Chase Brown | Tony Pollard | DK Metcalf | Nico Collins | Rome Odunze | Dalton Schultz | Trey McBride | Browns DST
cj_stroud_game_balanced_te1,50000,129.3292,127.8153,120.3739,119.9900,119.9900,C.J. Stroud | Chase Brown | Quinshon Judkins | DK Metcalf | Michael Wilson | Nico Collins | Dalton Schultz | Tony Pollard | Browns DST
cj_stroud_game_balanced_te2,49500,130.1632,128.6493,123.8929,120.8240,120.8240,C.J. Stroud | Chase Brown | Tony Pollard | DK Metcalf | Nico Collins | Rome Odunze | Dalton Schultz | Trey McBride | Browns DST
cj_stroud_gibbs_mean_te1,50000,131.6022,124.9537,120.4801,125.1568,120.4801,C.J. Stroud | Chase Brown | Woody Marks | DK Metcalf | Michael Wilson | Rome Odunze | Dalton Schultz | Jahmyr Gibbs | Chargers DST
cj_stroud_gibbs_mean_te2,50000,132.5842,125.9357,123.6557,127.0094,123.6557,C.J. Stroud | Chase Brown | Jahmyr Gibbs | DK Metcalf | Michael Wilson | Rome Odunze | Dalton Schultz | Hunter Henry | Texans DST
