field_band,candidate_id,slot,player,position,team,opponent,salary,kickoff_utc,model_projection,joint_downside,rb_workload_down20,qb_passing_down20,condition
1000-3000,drake_maye_compact_mean_te2,QB,Drake Maye,QB,NE,LV,6300,2026-10-11T17:00:00Z,20.4509,20.4509,20.4509,16.9527,Confirm active at lock
1000-3000,drake_maye_compact_mean_te2,RB,Chase Brown,RB,CIN,MIA,6900,2026-10-11T17:00:00Z,18.9295,17.4156,15.1356,18.9295,Receiving workload sensitive to Chase and Higgins availability
1000-3000,drake_maye_compact_mean_te2,RB,Jonathan Taylor,RB,IND,PIT,7800,2026-10-11T17:00:00Z,19.6150,19.6150,15.6840,19.6150,Confirm active at lock
1000-3000,drake_maye_compact_mean_te2,WR,DK Metcalf,WR,PIT,IND,5400,2026-10-11T17:00:00Z,14.8400,14.8400,14.8400,14.8400,Eight-target analyst scenario with reported Pittman absence; test seven targets too
1000-3000,drake_maye_compact_mean_te2,WR,Michael Wilson,WR,ARI,DET,6200,2026-10-11T20:25:00Z,15.6520,15.6520,15.6520,15.6520,Confirm active at lock
1000-3000,drake_maye_compact_mean_te2,WR,Rome Odunze,WR,CHI,GB,4700,2026-10-11T17:00:00Z,12.0610,12.0610,12.0610,12.0610,Confirm active at lock
1000-3000,drake_maye_compact_mean_te2,TE,Hunter Henry,TE,NE,LV,3700,2026-10-11T17:00:00Z,8.9100,8.9100,8.9100,7.1200,Confirm active at lock
1000-3000,drake_maye_compact_mean_te2,FLEX,Trey McBride,TE,ARI,DET,6700,2026-10-11T20:25:00Z,17.8100,17.8100,17.8100,17.8100,Confirm active at lock
1000-3000,drake_maye_compact_mean_te2,DST,Chargers DST,DST,LAC,DEN,2300,2026-10-11T20:05:00Z,5.2800,5.2800,5.2800,5.2800,Confirm active at lock
4000-6000,jacoby_brissett_gibbs_mean_te2,QB,Jacoby Brissett,QB,ARI,DET,5500,2026-10-11T20:25:00Z,18.3352,18.3352,18.3352,14.7562,Confirm active at lock
4000-6000,jacoby_brissett_gibbs_mean_te2,RB,Chase Brown,RB,CIN,MIA,6900,2026-10-11T17:00:00Z,18.9295,17.4156,15.1356,18.9295,Receiving workload sensitive to Chase and Higgins availability
4000-6000,jacoby_brissett_gibbs_mean_te2,RB,Jahmyr Gibbs,RB,DET,ARI,9800,2026-10-11T20:25:00Z,25.6330,20.4984,20.4984,25.6330,Confirm active at lock
4000-6000,jacoby_brissett_gibbs_mean_te2,WR,DK Metcalf,WR,PIT,IND,5400,2026-10-11T17:00:00Z,14.8400,14.8400,14.8400,14.8400,Eight-target analyst scenario with reported Pittman absence; test seven targets too
4000-6000,jacoby_brissett_gibbs_mean_te2,WR,Michael Wilson,WR,ARI,DET,6200,2026-10-11T20:25:00Z,15.6520,15.6520,15.6520,12.5136,Confirm active at lock
4000-6000,jacoby_brissett_gibbs_mean_te2,WR,Rome Odunze,WR,CHI,GB,4700,2026-10-11T17:00:00Z,12.0610,12.0610,12.0610,12.0610,Confirm active at lock
4000-6000,jacoby_brissett_gibbs_mean_te2,TE,Hunter Henry,TE,NE,LV,3700,2026-10-11T17:00:00Z,8.9100,8.9100,8.9100,8.9100,Confirm active at lock
4000-6000,jacoby_brissett_gibbs_mean_te2,FLEX,T.J. Hockenson,TE,MIN,NO,4800,2026-10-11T17:00:00Z,11.7690,11.7690,11.7690,11.7690,Verify Jefferson status before increasing target assumption
4000-6000,jacoby_brissett_gibbs_mean_te2,DST,Browns DST,DST,CLE,NYJ,2800,2026-10-11T17:00:00Z,7.1200,7.1200,7.1200,7.1200,Confirm active at lock
15000-25000,tyson_bagent_game_mean_te1,QB,Tyson Bagent,QB,CHI,GB,4700,2026-10-11T17:00:00Z,15.5208,12.2486,15.5208,12.7126,Bears confirmed starter; volume and efficiency remain uncertain
15000-25000,tyson_bagent_game_mean_te1,RB,Chase Brown,RB,CIN,MIA,6900,2026-10-11T17:00:00Z,18.9295,17.4156,15.1356,18.9295,Receiving workload sensitive to Chase and Higgins availability
15000-25000,tyson_bagent_game_mean_te1,RB,Jahmyr Gibbs,RB,DET,ARI,9800,2026-10-11T20:25:00Z,25.6330,20.4984,20.4984,25.6330,Confirm active at lock
15000-25000,tyson_bagent_game_mean_te1,WR,Christian Watson,WR,GB,CHI,6400,2026-10-11T17:00:00Z,15.4850,15.4850,15.4850,15.4850,Confirm active at lock
15000-25000,tyson_bagent_game_mean_te1,WR,DK Metcalf,WR,PIT,IND,5400,2026-10-11T17:00:00Z,14.8400,14.8400,14.8400,14.8400,Eight-target analyst scenario with reported Pittman absence; test seven targets too
15000-25000,tyson_bagent_game_mean_te1,WR,Malik Washington,WR,MIA,CIN,4600,2026-10-11T17:00:00Z,10.5455,10.5455,10.5455,10.5455,Confirm active at lock
15000-25000,tyson_bagent_game_mean_te1,TE,Colston Loveland,TE,CHI,GB,4600,2026-10-11T17:00:00Z,10.3100,10.3100,10.3100,8.2400,Confirm active and normal role at lock
15000-25000,tyson_bagent_game_mean_te1,FLEX,Rome Odunze,WR,CHI,GB,4700,2026-10-11T17:00:00Z,12.0610,12.0610,12.0610,9.6408,Confirm active at lock
15000-25000,tyson_bagent_game_mean_te1,DST,Browns DST,DST,CLE,NYJ,2800,2026-10-11T17:00:00Z,7.1200,7.1200,7.1200,7.1200,Confirm active at lock
